v001,v002,v003,v004,v005,v006,v007,v008,v009,v010,v011,v012,v013,v014,v015,v016,v017,v018,v019,v020,v021,v022,v023,v024,v025,v026,v027,v028,v029,v030,v031,v032,v033,v034,v035,v036,v037,v038,v039,v040,v041,v042,v043,v044,v045,v046,v047,v048,v049,v050,v051,v052,v053,v054,v055,v056,v057,v058,v059,v060,v061,v062,v063,v064,v065,v066,v067,v068,v069,v070,v071,v072,v073,v074,v075,v076,v077,v078,v079,v080,v081,v082,v083,v084,v085,v086,v087,v088,v089,v090,v091,v092,v093,v094,v095,v096,v097,v098,v099,v100,v101,v102,v103,v104,v105,v106,v107,v108,v109,v110,v111,v112,v113,v114,v115,v116,v117,v118,v119,v120,v121,v122,v123,v124,v125,v126,v127,v128,v129,v130,v131,v132,v133,v134,v135,v136,v137,v138,v139,v140,v141,v142,v143,v144,v145,v146,v147,v148,v149,v150,v151,v152,v153,v154,v155,v156,v157,v158,v159,v160,v161,v162,v163,v164,v165,v166,v167,v168,v169,v170,v171,v172,v173,v174,v175,v176,v177,v178,v179,v180,v181,v182,v183,v184,v185,v186,v187,v188,v189,v190,v191,v192,v193,v194,v195,v196
794,2019-12-06T13:21:39Z,25,de,1031050258,2019-12-06T13:13:18Z,2019-12-06T13:21:39Z,2a02:810d:4bc0:8f12:c8f9:c0ab:894:6f33,,Ja,Ja,Nein,Nein,Nein,Ja,Ja,Ja,,Nein,Ja,Nein,,1,NA,NA,NA,NA,NA,NA,NA,NA,NA,stimme voll und ganz zu,stimme voll und ganz zu,stimme voll und ganz zu,stimme zu,stimme eher zu,stimme eher zu,stimme eher zu,stimme eher zu,stimme eher zu,stimme eher zu,stimme eher zu,stimme zu,stimme zu,stimme zu,stimme zu,stimme voll und ganz zu,weder/noch,stimme zu,stimme eher zu,lehne eher ab,weder/noch,stimme eher zu,weder/noch,lehne ab,bis zu 20 Minuten,bis zu 5 Kilometer,Ja,Nein,Nein,,etwa 20 Minuten,NA,NA,NA,NA,NA,NA,NA,NA,NA,sehr kurz,Stadtzentrum,NA,NA,NA,NA,NA,NA,NA,NA,NA,sehr gut,Ja,ca. 6 bis 12 Monate,lehne eher ab,weder/noch,weder/noch,lehne eher ab,lehne eher ab,weder/noch,lehne eher ab,lehne ab,lehne ab,lehne voll und ganz ab,lehne eher ab,lehne ab,stimme eher zu,lehne ab,lehne eher ab,lehne eher ab,lehne eher ab,lehne eher ab,,großstädtisch,zentral,weiblich,1986,500 - 1.000 EUR,NA,Nein danke,NA,NA,NA,NA,NA,NA,NA,NA,NA,NA,NA,NA,NA,NA,NA,NA,NA,NA,NA,NA,NA,NA,NA,NA,NA,NA,NA,NA,NA,NA,NA,NA,NA,NA,NA,NA,NA,NA,NA,NA,NA,NA,NA,NA,NA,NA,NA,NA,NA,NA,NA,NA,NA,NA,NA,NA,NA,NA,NA,NA,NA,NA,NA,NA,NA,NA,NA,NA,NA,NA,NA,NA,NA,NA,NA,NA,NA,NA,NA,NA,NA,NA,NA,NA
146,2019-08-07T14:03:56Z,25,de,1376736840,2019-08-07T13:57:53Z,2019-08-07T14:03:56Z,2a02:8108:1c0:b720:9924:f363:f985:fd75,,Ja,Ja,Nein,Nein,Nein,Nein,Ja,Ja,,Nein,Ja,Nein,,1,NA,NA,NA,NA,NA,NA,NA,NA,NA,stimme eher zu,stimme zu,weder/noch,stimme eher zu,stimme voll und ganz zu,weder/noch,stimme eher zu,stimme zu,stimme zu,stimme zu,weder/noch,stimme eher zu,stimme eher zu,weder/noch,stimme zu,stimme zu,stimme eher zu,stimme zu,stimme eher zu,weder/noch,stimme eher zu,stimme zu,weder/noch,lehne ab,bis zu 20 Minuten,bis zu 5 Kilometer,Ja,Nein,Ja,,etwa 20 Minuten,NA,NA,NA,NA,NA,NA,NA,NA,NA,eher kurz,weiß ich nicht mehr,NA,NA,NA,NA,NA,NA,NA,NA,NA,sehr gut,Nein,,weder/noch,stimme eher zu,lehne ab,lehne ab,lehne eher ab,lehne voll und ganz ab,lehne voll und ganz ab,lehne ab,stimme eher zu,weder/noch,weder/noch,stimme eher zu,stimme zu,stimme eher zu,lehne eher ab,lehne ab,weder/noch,stimme eher zu,,großstädtisch,zentral,weiblich,1996,500 - 1.000 EUR,NA,Nein danke,NA,NA,NA,NA,NA,NA,NA,NA,NA,NA,NA,NA,NA,NA,NA,NA,NA,NA,NA,NA,NA,NA,NA,NA,NA,NA,NA,NA,NA,NA,NA,NA,NA,NA,NA,NA,NA,NA,NA,NA,NA,NA,NA,NA,NA,NA,NA,NA,NA,NA,NA,NA,NA,NA,NA,NA,NA,NA,NA,NA,NA,NA,NA,NA,NA,NA,NA,NA,NA,NA,NA,NA,NA,NA,NA,NA,NA,NA,NA,NA,NA,NA,NA,NA
459,NA,4,de,355469450,2019-08-07T16:56:55Z,2019-08-07T16:57:38Z,2003:d0:13c6:3755:9514:604b:a601:e28a,https://www.facebook.com/,Nein,Ja,Nein,Ja,Nein,Nein,Nein,Nein,,Ja,Ja,Nein,,1,NA,NA,NA,NA,NA,NA,NA,NA,NA,,,,,,,,,,,,,,,,,,,,,,,,,,,N/A,N/A,N/A,,,NA,NA,NA,NA,NA,NA,NA,NA,NA,,,NA,NA,NA,NA,NA,NA,NA,NA,NA,,,,,,,,,,,,,,,,,,,,,,,,,,NA,,NA,,NA,NA,NA,NA,NA,NA,NA,NA,NA,NA,NA,NA,NA,NA,NA,NA,NA,NA,NA,NA,NA,NA,NA,NA,NA,NA,NA,NA,NA,NA,NA,NA,NA,NA,NA,NA,NA,NA,NA,NA,NA,NA,NA,NA,NA,NA,NA,NA,NA,NA,NA,NA,NA,NA,NA,NA,NA,NA,NA,NA,NA,NA,NA,NA,NA,NA,NA,NA,NA,NA,NA,NA,NA,NA,NA,NA,NA,NA,NA,NA,NA,NA,NA,NA
324,2019-08-07T15:10:01Z,25,de,995386148,2019-08-07T15:03:47Z,2019-08-07T15:10:01Z,134.245.98.146,https://www.facebook.com/,Ja,Ja,Nein,Nein,Ja,Nein,Ja,Ja,,Nein,Ja,Nein,,1,NA,NA,NA,NA,NA,NA,NA,NA,NA,stimme eher zu,stimme eher zu,stimme eher zu,stimme zu,stimme voll und ganz zu,stimme zu,stimme eher zu,stimme voll und ganz zu,stimme zu,stimme eher zu,weder/noch,stimme zu,stimme zu,stimme zu,stimme zu,stimme eher zu,weder/noch,stimme zu,stimme eher zu,weder/noch,stimme zu,stimme eher zu,weder/noch,lehne ab,bis zu 20 Minuten,bis zu 20 Kilometer,Ja,Nein,Nein,,etwa 20 Minuten,NA,NA,NA,NA,NA,NA,NA,NA,NA,eher lang,Stadtzentrum,NA,NA,NA,NA,NA,NA,NA,NA,NA,sehr gut,Ja,ca. 6 bis 12 Monate,stimme eher zu,stimme eher zu,weder/noch,weder/noch,weder/noch,lehne eher ab,weder/noch,lehne eher ab,weder/noch,lehne eher ab,weder/noch,weder/noch,stimme eher zu,stimme eher zu,weder/noch,lehne ab,lehne ab,lehne ab,,großstädtisch,dezentral (Randlage),männlich,1997,bis 500 EUR,NA,Ja gerne,NA,NA,NA,NA,NA,NA,NA,NA,NA,NA,NA,NA,NA,NA,NA,NA,NA,NA,NA,NA,NA,NA,NA,NA,NA,NA,NA,NA,NA,NA,NA,NA,NA,NA,NA,NA,NA,NA,NA,NA,NA,NA,NA,NA,NA,NA,NA,NA,NA,NA,NA,NA,NA,NA,NA,NA,NA,NA,NA,NA,NA,NA,NA,NA,NA,NA,NA,NA,NA,NA,NA,NA,NA,NA,NA,NA,NA,NA,NA,NA,NA,NA,NA,NA
257,2019-08-07T14:36:00Z,25,de,689485052,2019-08-07T14:30:01Z,2019-08-07T14:36:00Z,2003:d5:af04:dd82:8d2:244f:9488:ada,https://www.facebook.com/,Nein,Nein,Nein,Ja,Nein,Nein,Nein,Ja,,Ja,Nein,Nein,,1,NA,NA,NA,NA,NA,NA,NA,NA,NA,lehne eher ab,stimme eher zu,lehne voll und ganz ab,stimme zu,lehne voll und ganz ab,lehne voll und ganz ab,lehne voll und ganz ab,stimme eher zu,lehne ab,weder/noch,lehne eher ab,lehne ab,lehne ab,lehne ab,weder/noch,lehne ab,weder/noch,lehne ab,lehne ab,lehne ab,lehne ab,weder/noch,weder/noch,lehne voll und ganz ab,bis zu 20 Minuten,bis zu 5 Kilometer,Ja,Ja,Nein,,etwa 20 Minuten,NA,NA,NA,NA,NA,NA,NA,NA,NA,weder/noch,Stadtrand,NA,NA,NA,NA,NA,NA,NA,NA,NA,weder/noch,Nein,,lehne ab,lehne ab,lehne eher ab,lehne ab,lehne eher ab,lehne voll und ganz ab,lehne ab,lehne ab,lehne ab,lehne ab,lehne voll und ganz ab,lehne voll und ganz ab,lehne voll und ganz ab,lehne voll und ganz ab,lehne voll und ganz ab,lehne voll und ganz ab,lehne voll und ganz ab,lehne voll und ganz ab,24107,kleinstädtisch,dezentral (Randlage),männlich,1995,mehr als 3.000 EUR,NA,Nein danke,NA,NA,NA,NA,NA,NA,NA,NA,NA,NA,NA,NA,NA,NA,NA,NA,NA,NA,NA,NA,NA,NA,NA,NA,NA,NA,NA,NA,NA,NA,NA,NA,NA,NA,NA,NA,NA,NA,NA,NA,NA,NA,NA,NA,NA,NA,NA,NA,NA,NA,NA,NA,NA,NA,NA,NA,NA,NA,NA,NA,NA,NA,NA,NA,NA,NA,NA,NA,NA,NA,NA,NA,NA,NA,NA,NA,NA,NA,NA,NA,NA,NA,NA,NA
182,2019-08-07T14:15:06Z,25,de,1702405999,2019-08-07T14:07:59Z,2019-08-07T14:15:06Z,2003:d5:b726:d2b1:992e:4bc0:75db:5e18,https://www.facebook.com/,Nein,Nein,Nein,Nein,Nein,Ja,Nein,Nein,"Merchandise, Mangas, etc.",Nein,Ja,Nein,,1,NA,NA,NA,NA,NA,NA,NA,NA,NA,stimme zu,stimme eher zu,stimme zu,weder/noch,lehne ab,weder/noch,weder/noch,stimme voll und ganz zu,stimme zu,stimme eher zu,stimme zu,stimme voll und ganz zu,stimme voll und ganz zu,stimme eher zu,stimme eher zu,stimme voll und ganz zu,weder/noch,stimme voll und ganz zu,stimme voll und ganz zu,stimme zu,stimme voll und ganz zu,stimme voll und ganz zu,stimme eher zu,lehne voll und ganz ab,bis zu 45 Minuten,bis zu 20 Kilometer,Nein,Nein,Ja,,etwa 20 Minuten,NA,NA,NA,NA,NA,NA,NA,NA,NA,eher lang,Stadtzentrum,NA,NA,NA,NA,NA,NA,NA,NA,NA,eher gut,Nein,,lehne eher ab,weder/noch,lehne ab,lehne ab,lehne ab,lehne ab,lehne ab,lehne ab,weder/noch,weder/noch,weder/noch,stimme eher zu,stimme zu,stimme zu,lehne ab,lehne ab,stimme eher zu,weder/noch,24235,ländlich,abgelegen,weiblich,1996,bis 500 EUR,NA,Ja gerne,NA,NA,NA,NA,NA,NA,NA,NA,NA,NA,NA,NA,NA,NA,NA,NA,NA,NA,NA,NA,NA,NA,NA,NA,NA,NA,NA,NA,NA,NA,NA,NA,NA,NA,NA,NA,NA,NA,NA,NA,NA,NA,NA,NA,NA,NA,NA,NA,NA,NA,NA,NA,NA,NA,NA,NA,NA,NA,NA,NA,NA,NA,NA,NA,NA,NA,NA,NA,NA,NA,NA,NA,NA,NA,NA,NA,NA,NA,NA,NA,NA,NA,NA,NA
95,2019-08-07T13:08:13Z,25,de,1699812941,2019-08-07T13:02:58Z,2019-08-07T13:08:13Z,93.135.72.205,http://m.facebook.com,Ja,Nein,Ja,Nein,Nein,Nein,Ja,Nein,,Nein,Ja,Nein,,1,NA,NA,NA,NA,NA,NA,NA,NA,NA,stimme eher zu,stimme zu,stimme eher zu,weder/noch,stimme zu,stimme eher zu,weder/noch,stimme zu,stimme zu,stimme eher zu,stimme zu,stimme eher zu,stimme zu,stimme eher zu,stimme eher zu,stimme zu,stimme eher zu,stimme zu,stimme zu,stimme eher zu,stimme eher zu,stimme zu,stimme eher zu,stimme eher zu,bis zu 20 Minuten,bis zu 20 Kilometer,Ja,Nein,Nein,,etwa 20 Minuten,NA,NA,NA,NA,NA,NA,NA,NA,NA,weder/noch,Stadtzentrum,NA,NA,NA,NA,NA,NA,NA,NA,NA,eher gut,Nein,,stimme zu,stimme voll und ganz zu,stimme voll und ganz zu,stimme zu,stimme eher zu,stimme eher zu,stimme eher zu,weder/noch,stimme eher zu,weder/noch,stimme zu,stimme zu,stimme zu,stimme voll und ganz zu,stimme zu,stimme eher zu,stimme zu,stimme voll und ganz zu,,kleinstädtisch,zentral,weiblich,1999,500 - 1.000 EUR,NA,Ja gerne,NA,NA,NA,NA,NA,NA,NA,NA,NA,NA,NA,NA,NA,NA,NA,NA,NA,NA,NA,NA,NA,NA,NA,NA,NA,NA,NA,NA,NA,NA,NA,NA,NA,NA,NA,NA,NA,NA,NA,NA,NA,NA,NA,NA,NA,NA,NA,NA,NA,NA,NA,NA,NA,NA,NA,NA,NA,NA,NA,NA,NA,NA,NA,NA,NA,NA,NA,NA,NA,NA,NA,NA,NA,NA,NA,NA,NA,NA,NA,NA,NA,NA,NA,NA
355,2019-08-07T15:35:29Z,25,de,1599676009,2019-08-07T15:28:35Z,2019-08-07T15:35:29Z,2a02:8108:453f:fd50:6132:fd4d:4cd9:890d,http://m.facebook.com,Ja,Nein,Nein,Ja,Nein,Nein,Ja,Ja,,Nein,Ja,Nein,,1,NA,NA,NA,NA,NA,NA,NA,NA,NA,stimme zu,stimme eher zu,stimme zu,stimme zu,weder/noch,stimme eher zu,stimme eher zu,stimme zu,stimme eher zu,weder/noch,stimme eher zu,stimme eher zu,stimme zu,stimme zu,stimme zu,stimme zu,stimme eher zu,stimme eher zu,stimme zu,stimme eher zu,stimme zu,stimme zu,stimme eher zu,lehne eher ab,bis zu 45 Minuten,bis zu 50 Kilometer,Ja,Nein,Nein,,etwa 20 Minuten,NA,NA,NA,NA,NA,NA,NA,NA,NA,eher lang,Stadtzentrum,NA,NA,NA,NA,NA,NA,NA,NA,NA,sehr gut,Nein,,weder/noch,weder/noch,lehne eher ab,weder/noch,stimme eher zu,lehne eher ab,weder/noch,stimme eher zu,stimme eher zu,stimme zu,stimme zu,weder/noch,stimme zu,weder/noch,stimme zu,weder/noch,weder/noch,stimme eher zu,,ländlich,zentral,weiblich,1996,bis 500 EUR,NA,Nein danke,NA,NA,NA,NA,NA,NA,NA,NA,NA,NA,NA,NA,NA,NA,NA,NA,NA,NA,NA,NA,NA,NA,NA,NA,NA,NA,NA,NA,NA,NA,NA,NA,NA,NA,NA,NA,NA,NA,NA,NA,NA,NA,NA,NA,NA,NA,NA,NA,NA,NA,NA,NA,NA,NA,NA,NA,NA,NA,NA,NA,NA,NA,NA,NA,NA,NA,NA,NA,NA,NA,NA,NA,NA,NA,NA,NA,NA,NA,NA,NA,NA,NA,NA,NA
570,2019-08-07T20:37:18Z,25,de,809829273,2019-08-07T20:26:49Z,2019-08-07T20:37:18Z,2003:dd:bf09:bf60:141d:5ce:61d4:844f,http://m.facebook.com/,Nein,Nein,Nein,Nein,Ja,Nein,Nein,Ja,,Ja,Ja,Nein,,1,NA,NA,NA,NA,NA,NA,NA,NA,NA,stimme eher zu,weder/noch,stimme eher zu,stimme zu,lehne eher ab,lehne eher ab,weder/noch,stimme eher zu,stimme eher zu,stimme zu,lehne eher ab,stimme eher zu,stimme zu,stimme eher zu,stimme eher zu,stimme eher zu,stimme zu,stimme zu,stimme eher zu,weder/noch,stimme zu,stimme zu,stimme eher zu,lehne ab,bis zu 20 Minuten,bis zu 20 Kilometer,Nein,Ja,Nein,,etwa 20 Minuten,NA,NA,NA,NA,NA,NA,NA,NA,NA,eher kurz,Stadtzentrum,NA,NA,NA,NA,NA,NA,NA,NA,NA,eher gut,Nein,,lehne eher ab,weder/noch,lehne ab,lehne voll und ganz ab,stimme eher zu,lehne eher ab,lehne ab,lehne ab,stimme eher zu,weder/noch,weder/noch,weder/noch,stimme eher zu,stimme eher zu,lehne eher ab,lehne ab,lehne voll und ganz ab,weder/noch,,ländlich,zentral,männlich,1980,mehr als 3.000 EUR,NA,Nein danke,NA,NA,NA,NA,NA,NA,NA,NA,NA,NA,NA,NA,NA,NA,NA,NA,NA,NA,NA,NA,NA,NA,NA,NA,NA,NA,NA,NA,NA,NA,NA,NA,NA,NA,NA,NA,NA,NA,NA,NA,NA,NA,NA,NA,NA,NA,NA,NA,NA,NA,NA,NA,NA,NA,NA,NA,NA,NA,NA,NA,NA,NA,NA,NA,NA,NA,NA,NA,NA,NA,NA,NA,NA,NA,NA,NA,NA,NA,NA,NA,NA,NA,NA,NA
173,2019-08-07T14:12:07Z,25,de,76734057,2019-08-07T14:06:50Z,2019-08-07T14:12:07Z,134.245.98.145,http://m.facebook.com/,Ja,Nein,Nein,Nein,Nein,Nein,Ja,Nein,,Ja,Nein,Nein,,1,NA,NA,NA,NA,NA,NA,NA,NA,NA,lehne eher ab,lehne eher ab,lehne ab,stimme eher zu,lehne ab,stimme eher zu,lehne ab,lehne ab,lehne ab,lehne eher ab,lehne ab,lehne ab,lehne ab,lehne eher ab,lehne ab,lehne eher ab,lehne eher ab,lehne eher ab,lehne ab,lehne ab,lehne eher ab,weder/noch,lehne eher ab,lehne voll und ganz ab,bis zu 20 Minuten,bis zu 5 Kilometer,Ja,Nein,Nein,,etwa 20 Minuten,NA,NA,NA,NA,NA,NA,NA,NA,NA,eher lang,Stadtzentrum,NA,NA,NA,NA,NA,NA,NA,NA,NA,eher gut,Nein,,lehne ab,lehne ab,lehne voll und ganz ab,lehne voll und ganz ab,lehne ab,lehne voll und ganz ab,lehne ab,lehne voll und ganz ab,weder/noch,lehne voll und ganz ab,lehne voll und ganz ab,lehne ab,lehne voll und ganz ab,lehne voll und ganz ab,lehne eher ab,lehne voll und ganz ab,lehne voll und ganz ab,stimme eher zu,24103,großstädtisch,zentral,weiblich,1992,1.001 - 2.000 EUR,NA,Nein danke,NA,NA,NA,NA,NA,NA,NA,NA,NA,NA,NA,NA,NA,NA,NA,NA,NA,NA,NA,NA,NA,NA,NA,NA,NA,NA,NA,NA,NA,NA,NA,NA,NA,NA,NA,NA,NA,NA,NA,NA,NA,NA,NA,NA,NA,NA,NA,NA,NA,NA,NA,NA,NA,NA,NA,NA,NA,NA,NA,NA,NA,NA,NA,NA,NA,NA,NA,NA,NA,NA,NA,NA,NA,NA,NA,NA,NA,NA,NA,NA,NA,NA,NA,NA
580,2019-08-07T20:59:00Z,25,de,1863550368,2019-08-07T20:54:30Z,2019-08-07T20:59:00Z,93.238.33.158,http://m.facebook.com,Ja,Nein,Nein,Ja,Nein,Nein,Nein,Nein,,Nein,Ja,Ja,,1,NA,NA,NA,NA,NA,NA,NA,NA,NA,stimme zu,stimme zu,stimme zu,stimme zu,stimme zu,stimme zu,stimme zu,stimme zu,stimme zu,stimme zu,stimme zu,stimme zu,stimme zu,stimme eher zu,stimme eher zu,stimme zu,stimme eher zu,stimme zu,stimme zu,weder/noch,stimme zu,stimme zu,stimme eher zu,lehne ab,bis zu 45 Minuten,bis zu 5 Kilometer,Ja,Ja,Nein,,etwa 20 Minuten,NA,NA,NA,NA,NA,NA,NA,NA,NA,eher kurz,Stadtzentrum,NA,NA,NA,NA,NA,NA,NA,NA,NA,eher gut,Nein,,stimme zu,stimme zu,stimme zu,lehne eher ab,stimme eher zu,stimme eher zu,lehne eher ab,stimme eher zu,stimme zu,stimme zu,stimme zu,stimme zu,stimme zu,stimme zu,lehne eher ab,lehne ab,stimme eher zu,stimme eher zu,90762,großstädtisch,zentral,weiblich,1988,mehr als 3.000 EUR,NA,Nein danke,NA,NA,NA,NA,NA,NA,NA,NA,NA,NA,NA,NA,NA,NA,NA,NA,NA,NA,NA,NA,NA,NA,NA,NA,NA,NA,NA,NA,NA,NA,NA,NA,NA,NA,NA,NA,NA,NA,NA,NA,NA,NA,NA,NA,NA,NA,NA,NA,NA,NA,NA,NA,NA,NA,NA,NA,NA,NA,NA,NA,NA,NA,NA,NA,NA,NA,NA,NA,NA,NA,NA,NA,NA,NA,NA,NA,NA,NA,NA,NA,NA,NA,NA,NA
82,NA,4,de,1491421916,2019-08-07T12:44:55Z,2019-08-07T12:45:45Z,46.114.35.15,https://m.facebook.com/,Nein,Nein,Nein,Nein,Nein,Ja,Nein,Nein,,Ja,Nein,Nein,,1,NA,NA,NA,NA,NA,NA,NA,NA,NA,,,,,,,,,,,,,,,,,,,,,,,,,,,N/A,N/A,N/A,,,NA,NA,NA,NA,NA,NA,NA,NA,NA,,,NA,NA,NA,NA,NA,NA,NA,NA,NA,,,,,,,,,,,,,,,,,,,,,,,,,,NA,,NA,,NA,NA,NA,NA,NA,NA,NA,NA,NA,NA,NA,NA,NA,NA,NA,NA,NA,NA,NA,NA,NA,NA,NA,NA,NA,NA,NA,NA,NA,NA,NA,NA,NA,NA,NA,NA,NA,NA,NA,NA,NA,NA,NA,NA,NA,NA,NA,NA,NA,NA,NA,NA,NA,NA,NA,NA,NA,NA,NA,NA,NA,NA,NA,NA,NA,NA,NA,NA,NA,NA,NA,NA,NA,NA,NA,NA,NA,NA,NA,NA,NA,NA,NA,NA
808,2019-12-08T22:15:37Z,25,de,2017731083,2019-12-08T22:10:56Z,2019-12-08T22:15:37Z,2001:a61:a8f:c901:e8b6:1f91:2bad:ba4d,,Ja,Nein,Nein,Ja,Ja,Nein,Nein,Nein,,Ja,Nein,Nein,,1,NA,NA,NA,NA,NA,NA,NA,NA,NA,stimme eher zu,stimme eher zu,weder/noch,weder/noch,weder/noch,weder/noch,lehne eher ab,weder/noch,lehne eher ab,lehne eher ab,weder/noch,weder/noch,stimme eher zu,stimme eher zu,stimme eher zu,stimme eher zu,weder/noch,stimme eher zu,weder/noch,weder/noch,stimme eher zu,weder/noch,weder/noch,lehne voll und ganz ab,bis zu 20 Minuten,bis zu 20 Kilometer,Ja,Ja,Nein,,etwa 20 Minuten,NA,NA,NA,NA,NA,NA,NA,NA,NA,eher kurz,Stadtzentrum,NA,NA,NA,NA,NA,NA,NA,NA,NA,sehr gut,Nein,,lehne eher ab,lehne eher ab,lehne eher ab,lehne eher ab,weder/noch,lehne eher ab,lehne eher ab,weder/noch,stimme eher zu,weder/noch,lehne eher ab,lehne eher ab,lehne eher ab,lehne eher ab,lehne eher ab,lehne ab,lehne ab,lehne eher ab,33014,kleinstädtisch,dezentral (Randlage),männlich,1976,2.001 - 3.000 EUR,NA,Nein danke,NA,NA,NA,NA,NA,NA,NA,NA,NA,NA,NA,NA,NA,NA,NA,NA,NA,NA,NA,NA,NA,NA,NA,NA,NA,NA,NA,NA,NA,NA,NA,NA,NA,NA,NA,NA,NA,NA,NA,NA,NA,NA,NA,NA,NA,NA,NA,NA,NA,NA,NA,NA,NA,NA,NA,NA,NA,NA,NA,NA,NA,NA,NA,NA,NA,NA,NA,NA,NA,NA,NA,NA,NA,NA,NA,NA,NA,NA,NA,NA,NA,NA,NA,NA
286,2019-08-07T14:49:44Z,25,de,604458411,2019-08-07T14:41:58Z,2019-08-07T14:49:44Z,85.183.153.229,http://m.facebook.com/,Nein,Ja,Nein,Ja,Nein,Nein,Ja,Nein,,Nein,Ja,Nein,,1,NA,NA,NA,NA,NA,NA,NA,NA,NA,lehne eher ab,stimme eher zu,stimme eher zu,stimme eher zu,stimme voll und ganz zu,lehne ab,lehne ab,stimme eher zu,lehne eher ab,lehne ab,weder/noch,stimme eher zu,stimme eher zu,stimme zu,lehne eher ab,stimme zu,weder/noch,stimme zu,stimme zu,stimme eher zu,stimme eher zu,stimme zu,weder/noch,lehne ab,bis zu 45 Minuten,bis zu 50 Kilometer,Ja,Nein,Nein,,etwa 20 Minuten,NA,NA,NA,NA,NA,NA,NA,NA,NA,eher kurz,Stadtzentrum,NA,NA,NA,NA,NA,NA,NA,NA,NA,sehr gut,Nein,,stimme voll und ganz zu,stimme eher zu,lehne ab,lehne ab,stimme eher zu,lehne eher ab,lehne ab,stimme eher zu,stimme zu,weder/noch,lehne eher ab,stimme zu,stimme voll und ganz zu,stimme zu,stimme eher zu,lehne eher ab,lehne ab,weder/noch,24306,kleinstädtisch,abgelegen,männlich,1987,2.001 - 3.000 EUR,NA,Ja gerne,NA,NA,NA,NA,NA,NA,NA,NA,NA,NA,NA,NA,NA,NA,NA,NA,NA,NA,NA,NA,NA,NA,NA,NA,NA,NA,NA,NA,NA,NA,NA,NA,NA,NA,NA,NA,NA,NA,NA,NA,NA,NA,NA,NA,NA,NA,NA,NA,NA,NA,NA,NA,NA,NA,NA,NA,NA,NA,NA,NA,NA,NA,NA,NA,NA,NA,NA,NA,NA,NA,NA,NA,NA,NA,NA,NA,NA,NA,NA,NA,NA,NA,NA,NA
738,2019-10-13T20:43:37Z,25,de,1279592943,2019-10-13T20:34:56Z,2019-10-13T20:43:37Z,87.147.207.128,,Nein,Nein,Nein,Nein,Ja,Nein,Ja,Nein,,Nein,Ja,Nein,,1,NA,NA,NA,NA,NA,NA,NA,NA,NA,weder/noch,weder/noch,weder/noch,stimme eher zu,stimme eher zu,lehne eher ab,stimme eher zu,weder/noch,stimme eher zu,stimme eher zu,weder/noch,weder/noch,stimme eher zu,stimme eher zu,stimme eher zu,lehne ab,lehne ab,lehne eher ab,lehne ab,lehne voll und ganz ab,weder/noch,weder/noch,lehne ab,lehne ab,bis zu 45 Minuten,bis zu 20 Kilometer,Nein,Ja,Nein,,etwa 60 Minuten,NA,NA,NA,NA,NA,NA,NA,NA,NA,sehr lang,Stadtzentrum,NA,NA,NA,NA,NA,NA,NA,NA,NA,eher schlecht,Ja,länger als 12 Monate,lehne eher ab,weder/noch,lehne ab,lehne voll und ganz ab,lehne ab,lehne ab,lehne voll und ganz ab,stimme eher zu,weder/noch,weder/noch,lehne ab,weder/noch,weder/noch,weder/noch,lehne ab,lehne voll und ganz ab,lehne ab,lehne ab,82140,kleinstädtisch,dezentral (Randlage),männlich,1959,mehr als 3.000 EUR,NA,Ja gerne,NA,NA,NA,NA,NA,NA,NA,NA,NA,NA,NA,NA,NA,NA,NA,NA,NA,NA,NA,NA,NA,NA,NA,NA,NA,NA,NA,NA,NA,NA,NA,NA,NA,NA,NA,NA,NA,NA,NA,NA,NA,NA,NA,NA,NA,NA,NA,NA,NA,NA,NA,NA,NA,NA,NA,NA,NA,NA,NA,NA,NA,NA,NA,NA,NA,NA,NA,NA,NA,NA,NA,NA,NA,NA,NA,NA,NA,NA,NA,NA,NA,NA,NA,NA
682,NA,4,de,627682382,2019-08-08T09:33:04Z,2019-08-08T09:34:49Z,31.19.36.251,http://m.facebook.com/,Ja,Ja,Nein,Nein,Nein,Nein,Nein,Ja,,Nein,Ja,Nein,,1,NA,NA,NA,NA,NA,NA,NA,NA,NA,,,,,,,,,,,,,,,,,,,,,,,,,,,N/A,N/A,N/A,,,NA,NA,NA,NA,NA,NA,NA,NA,NA,,,NA,NA,NA,NA,NA,NA,NA,NA,NA,,,,,,,,,,,,,,,,,,,,,,,,,,NA,,NA,,NA,NA,NA,NA,NA,NA,NA,NA,NA,NA,NA,NA,NA,NA,NA,NA,NA,NA,NA,NA,NA,NA,NA,NA,NA,NA,NA,NA,NA,NA,NA,NA,NA,NA,NA,NA,NA,NA,NA,NA,NA,NA,NA,NA,NA,NA,NA,NA,NA,NA,NA,NA,NA,NA,NA,NA,NA,NA,NA,NA,NA,NA,NA,NA,NA,NA,NA,NA,NA,NA,NA,NA,NA,NA,NA,NA,NA,NA,NA,NA,NA,NA,NA,NA
247,NA,4,de,536339940,2019-08-07T14:26:59Z,2019-08-07T14:27:17Z,2.247.253.63,http://m.facebook.com/,Ja,Ja,Nein,Ja,Ja,Ja,Ja,Ja,,Ja,Ja,Nein,,1,NA,NA,NA,NA,NA,NA,NA,NA,NA,,,,,,,,,,,,,,,,,,,,,,,,,,,N/A,N/A,N/A,,,NA,NA,NA,NA,NA,NA,NA,NA,NA,,,NA,NA,NA,NA,NA,NA,NA,NA,NA,,,,,,,,,,,,,,,,,,,,,,,,,,NA,,NA,,NA,NA,NA,NA,NA,NA,NA,NA,NA,NA,NA,NA,NA,NA,NA,NA,NA,NA,NA,NA,NA,NA,NA,NA,NA,NA,NA,NA,NA,NA,NA,NA,NA,NA,NA,NA,NA,NA,NA,NA,NA,NA,NA,NA,NA,NA,NA,NA,NA,NA,NA,NA,NA,NA,NA,NA,NA,NA,NA,NA,NA,NA,NA,NA,NA,NA,NA,NA,NA,NA,NA,NA,NA,NA,NA,NA,NA,NA,NA,NA,NA,NA,NA,NA
161,NA,4,de,2103456159,2019-08-07T14:01:31Z,2019-08-07T14:03:57Z,87.133.168.219,http://m.facebook.com,Nein,Nein,Nein,Nein,Nein,Nein,Nein,Nein,Tierwaren ,Nein,Nein,Nein,Kommt auf den Laden und das Sortiment an. Muss zusammen passen,1,NA,NA,NA,NA,NA,NA,NA,NA,NA,,,,,,,,,,,,,,,,,,,,,,,,,,,N/A,N/A,N/A,,,NA,NA,NA,NA,NA,NA,NA,NA,NA,,,NA,NA,NA,NA,NA,NA,NA,NA,NA,,,,,,,,,,,,,,,,,,,,,,,,,,NA,,NA,,NA,NA,NA,NA,NA,NA,NA,NA,NA,NA,NA,NA,NA,NA,NA,NA,NA,NA,NA,NA,NA,NA,NA,NA,NA,NA,NA,NA,NA,NA,NA,NA,NA,NA,NA,NA,NA,NA,NA,NA,NA,NA,NA,NA,NA,NA,NA,NA,NA,NA,NA,NA,NA,NA,NA,NA,NA,NA,NA,NA,NA,NA,NA,NA,NA,NA,NA,NA,NA,NA,NA,NA,NA,NA,NA,NA,NA,NA,NA,NA,NA,NA,NA,NA
302,NA,4,de,282496781,2019-08-07T14:48:25Z,2019-08-07T14:49:23Z,134.245.98.148,http://m.facebook.com/,Nein,Nein,Nein,Nein,Nein,Ja,Nein,Ja,,Ja,Nein,Nein,,1,NA,NA,NA,NA,NA,NA,NA,NA,NA,,,,,,,,,,,,,,,,,,,,,,,,,,,N/A,N/A,N/A,,,NA,NA,NA,NA,NA,NA,NA,NA,NA,,,NA,NA,NA,NA,NA,NA,NA,NA,NA,,,,,,,,,,,,,,,,,,,,,,,,,,NA,,NA,,NA,NA,NA,NA,NA,NA,NA,NA,NA,NA,NA,NA,NA,NA,NA,NA,NA,NA,NA,NA,NA,NA,NA,NA,NA,NA,NA,NA,NA,NA,NA,NA,NA,NA,NA,NA,NA,NA,NA,NA,NA,NA,NA,NA,NA,NA,NA,NA,NA,NA,NA,NA,NA,NA,NA,NA,NA,NA,NA,NA,NA,NA,NA,NA,NA,NA,NA,NA,NA,NA,NA,NA,NA,NA,NA,NA,NA,NA,NA,NA,NA,NA,NA,NA
646,NA,7,de,1648296178,2019-08-07T23:50:19Z,2019-08-07T23:51:41Z,2a02:8108:1bf:a2a0:545:5ec3:cda8:7a31,http://m.facebook.com,Ja,Nein,Nein,Nein,Nein,Nein,Nein,Nein,,Nein,Ja,Nein,,1,NA,NA,NA,NA,NA,NA,NA,NA,NA,weder/noch,weder/noch,weder/noch,weder/noch,weder/noch,weder/noch,weder/noch,weder/noch,weder/noch,weder/noch,weder/noch,weder/noch,weder/noch,weder/noch,weder/noch,,,,,,,,,,,,N/A,N/A,N/A,,,NA,NA,NA,NA,NA,NA,NA,NA,NA,,,NA,NA,NA,NA,NA,NA,NA,NA,NA,,,,,,,,,,,,,,,,,,,,,,,,,,NA,,NA,,NA,NA,NA,NA,NA,NA,NA,NA,NA,NA,NA,NA,NA,NA,NA,NA,NA,NA,NA,NA,NA,NA,NA,NA,NA,NA,NA,NA,NA,NA,NA,NA,NA,NA,NA,NA,NA,NA,NA,NA,NA,NA,NA,NA,NA,NA,NA,NA,NA,NA,NA,NA,NA,NA,NA,NA,NA,NA,NA,NA,NA,NA,NA,NA,NA,NA,NA,NA,NA,NA,NA,NA,NA,NA,NA,NA,NA,NA,NA,NA,NA,NA,NA,NA
27,2019-08-06T13:51:58Z,25,de,51693723,2019-08-06T13:41:30Z,2019-08-06T13:51:58Z,194.25.232.253,https://www.facebook.com/,Ja,Ja,Nein,Nein,Nein,Nein,Ja,Nein,,Nein,Ja,Ja,,1,NA,NA,NA,NA,NA,NA,NA,NA,NA,stimme voll und ganz zu,weder/noch,stimme zu,stimme zu,stimme voll und ganz zu,stimme voll und ganz zu,weder/noch,stimme zu,stimme zu,stimme zu,stimme eher zu,weder/noch,stimme zu,stimme zu,stimme voll und ganz zu,stimme voll und ganz zu,stimme eher zu,stimme zu,stimme voll und ganz zu,stimme eher zu,stimme eher zu,lehne eher ab,lehne eher ab,lehne voll und ganz ab,bis zu 20 Minuten,bis zu 5 Kilometer,Ja,Nein,Nein,,etwa 20 Minuten,NA,NA,NA,NA,NA,NA,NA,NA,NA,weder/noch,weiß ich nicht mehr,NA,NA,NA,NA,NA,NA,NA,NA,NA,sehr gut,Nein,,stimme zu,stimme zu,stimme voll und ganz zu,weder/noch,lehne ab,stimme eher zu,lehne voll und ganz ab,lehne eher ab,stimme eher zu,lehne eher ab,lehne eher ab,weder/noch,stimme eher zu,stimme eher zu,lehne eher ab,lehne ab,lehne voll und ganz ab,lehne voll und ganz ab,,großstädtisch,zentral,weiblich,1997,500 - 1.000 EUR,NA,Nein danke,NA,NA,NA,NA,NA,NA,NA,NA,NA,NA,NA,NA,NA,NA,NA,NA,NA,NA,NA,NA,NA,NA,NA,NA,NA,NA,NA,NA,NA,NA,NA,NA,NA,NA,NA,NA,NA,NA,NA,NA,NA,NA,NA,NA,NA,NA,NA,NA,NA,NA,NA,NA,NA,NA,NA,NA,NA,NA,NA,NA,NA,NA,NA,NA,NA,NA,NA,NA,NA,NA,NA,NA,NA,NA,NA,NA,NA,NA,NA,NA,NA,NA,NA,NA
7,2019-07-09T17:47:30Z,25,de,398370052,2019-07-09T17:16:33Z,2019-07-09T17:47:30Z,46.125.250.65,,Ja,Nein,Nein,Nein,Nein,Ja,Nein,Ja,,Nein,Ja,Nein,,1,NA,NA,NA,NA,NA,NA,NA,NA,NA,stimme zu,weder/noch,weder/noch,stimme eher zu,lehne eher ab,stimme zu,stimme eher zu,stimme eher zu,stimme eher zu,stimme eher zu,stimme eher zu,stimme eher zu,stimme eher zu,weder/noch,weder/noch,stimme zu,weder/noch,stimme zu,stimme eher zu,weder/noch,stimme zu,stimme eher zu,stimme eher zu,lehne eher ab,bis zu 45 Minuten,bis zu 50 Kilometer,Ja,Ja,Nein,,etwa 20 Minuten,NA,NA,NA,NA,NA,NA,NA,NA,NA,eher kurz,Stadtzentrum,NA,NA,NA,NA,NA,NA,NA,NA,NA,sehr gut,Ja,ca. 6 bis 12 Monate,stimme zu,stimme zu,lehne ab,lehne ab,weder/noch,lehne ab,lehne ab,lehne eher ab,stimme eher zu,lehne eher ab,weder/noch,lehne eher ab,stimme eher zu,stimme eher zu,weder/noch,lehne eher ab,weder/noch,weder/noch,4020,großstädtisch,zentral,weiblich,1993,1.001 - 2.000 EUR,NA,Ja gerne,NA,NA,NA,NA,NA,NA,NA,NA,NA,NA,NA,NA,NA,NA,NA,NA,NA,NA,NA,NA,NA,NA,NA,NA,NA,NA,NA,NA,NA,NA,NA,NA,NA,NA,NA,NA,NA,NA,NA,NA,NA,NA,NA,NA,NA,NA,NA,NA,NA,NA,NA,NA,NA,NA,NA,NA,NA,NA,NA,NA,NA,NA,NA,NA,NA,NA,NA,NA,NA,NA,NA,NA,NA,NA,NA,NA,NA,NA,NA,NA,NA,NA,NA,NA
215,NA,6,de,568539038,2019-08-07T14:17:53Z,2019-08-07T14:19:29Z,2003:d6:e3cf:b700:74fd:7a4c:cf84:1df6,http://m.facebook.com,Ja,Nein,Nein,Nein,Nein,Nein,Ja,Nein,,Nein,Ja,Nein,,1,NA,NA,NA,NA,NA,NA,NA,NA,NA,stimme eher zu,stimme eher zu,lehne ab,stimme eher zu,weder/noch,lehne ab,stimme eher zu,lehne ab,stimme eher zu,stimme eher zu,,,,,,,,,,,,,,,,,N/A,N/A,N/A,,,NA,NA,NA,NA,NA,NA,NA,NA,NA,,,NA,NA,NA,NA,NA,NA,NA,NA,NA,,,,,,,,,,,,,,,,,,,,,,,,,,NA,,NA,,NA,NA,NA,NA,NA,NA,NA,NA,NA,NA,NA,NA,NA,NA,NA,NA,NA,NA,NA,NA,NA,NA,NA,NA,NA,NA,NA,NA,NA,NA,NA,NA,NA,NA,NA,NA,NA,NA,NA,NA,NA,NA,NA,NA,NA,NA,NA,NA,NA,NA,NA,NA,NA,NA,NA,NA,NA,NA,NA,NA,NA,NA,NA,NA,NA,NA,NA,NA,NA,NA,NA,NA,NA,NA,NA,NA,NA,NA,NA,NA,NA,NA,NA,NA
416,2019-08-07T16:18:09Z,25,de,491922941,2019-08-07T16:12:39Z,2019-08-07T16:18:09Z,77.6.23.91,https://www.facebook.com/,Ja,Nein,Nein,Nein,Nein,Ja,Nein,Nein,,Nein,Ja,Nein,,1,NA,NA,NA,NA,NA,NA,NA,NA,NA,stimme eher zu,lehne eher ab,lehne eher ab,stimme zu,stimme eher zu,lehne eher ab,lehne ab,stimme eher zu,lehne eher ab,lehne eher ab,lehne eher ab,weder/noch,weder/noch,lehne eher ab,lehne eher ab,weder/noch,lehne ab,stimme eher zu,lehne ab,lehne voll und ganz ab,lehne ab,stimme eher zu,lehne eher ab,lehne voll und ganz ab,bis zu 20 Minuten,bis zu 5 Kilometer,Ja,Nein,Nein,,etwa 20 Minuten,NA,NA,NA,NA,NA,NA,NA,NA,NA,weder/noch,Stadtzentrum,NA,NA,NA,NA,NA,NA,NA,NA,NA,sehr gut,Nein,,lehne eher ab,lehne eher ab,weder/noch,lehne voll und ganz ab,lehne voll und ganz ab,stimme zu,lehne voll und ganz ab,lehne voll und ganz ab,stimme eher zu,lehne voll und ganz ab,stimme zu,stimme eher zu,stimme zu,stimme eher zu,stimme eher zu,lehne eher ab,stimme eher zu,stimme eher zu,24106,großstädtisch,dezentral (Randlage),weiblich,1993,bis 500 EUR,NA,Nein danke,NA,NA,NA,NA,NA,NA,NA,NA,NA,NA,NA,NA,NA,NA,NA,NA,NA,NA,NA,NA,NA,NA,NA,NA,NA,NA,NA,NA,NA,NA,NA,NA,NA,NA,NA,NA,NA,NA,NA,NA,NA,NA,NA,NA,NA,NA,NA,NA,NA,NA,NA,NA,NA,NA,NA,NA,NA,NA,NA,NA,NA,NA,NA,NA,NA,NA,NA,NA,NA,NA,NA,NA,NA,NA,NA,NA,NA,NA,NA,NA,NA,NA,NA,NA
475,2019-08-07T17:27:45Z,25,de,1564763854,2019-08-07T17:21:10Z,2019-08-07T17:27:45Z,77.20.250.45,http://m.facebook.com/,Ja,Ja,Ja,Nein,Ja,Ja,Nein,Ja,,Nein,Ja,Nein,,1,NA,NA,NA,NA,NA,NA,NA,NA,NA,stimme zu,stimme zu,stimme eher zu,weder/noch,stimme zu,stimme eher zu,stimme eher zu,stimme zu,stimme zu,stimme zu,stimme eher zu,stimme zu,stimme zu,stimme zu,stimme zu,stimme zu,weder/noch,stimme zu,stimme eher zu,weder/noch,stimme zu,stimme zu,stimme eher zu,lehne voll und ganz ab,bis zu 20 Minuten,bis zu 20 Kilometer,Ja,Nein,Nein,,etwa 20 Minuten,NA,NA,NA,NA,NA,NA,NA,NA,NA,eher kurz,Stadtzentrum,NA,NA,NA,NA,NA,NA,NA,NA,NA,sehr gut,Nein,,weder/noch,stimme eher zu,lehne eher ab,lehne eher ab,weder/noch,weder/noch,lehne eher ab,weder/noch,stimme eher zu,weder/noch,weder/noch,stimme eher zu,stimme eher zu,stimme zu,lehne eher ab,lehne eher ab,weder/noch,stimme eher zu,,großstädtisch,zentral,weiblich,1994,500 - 1.000 EUR,NA,Nein danke,NA,NA,NA,NA,NA,NA,NA,NA,NA,NA,NA,NA,NA,NA,NA,NA,NA,NA,NA,NA,NA,NA,NA,NA,NA,NA,NA,NA,NA,NA,NA,NA,NA,NA,NA,NA,NA,NA,NA,NA,NA,NA,NA,NA,NA,NA,NA,NA,NA,NA,NA,NA,NA,NA,NA,NA,NA,NA,NA,NA,NA,NA,NA,NA,NA,NA,NA,NA,NA,NA,NA,NA,NA,NA,NA,NA,NA,NA,NA,NA,NA,NA,NA,NA
685,2019-08-08T09:52:50Z,25,de,1230188078,2019-08-08T09:47:41Z,2019-08-08T09:52:50Z,80.187.109.163,http://m.facebook.com,Ja,Nein,Nein,Ja,Ja,Nein,Ja,Nein,,Nein,Ja,Nein,,1,NA,NA,NA,NA,NA,NA,NA,NA,NA,lehne eher ab,lehne eher ab,weder/noch,stimme eher zu,stimme eher zu,weder/noch,weder/noch,stimme eher zu,stimme eher zu,stimme eher zu,stimme eher zu,stimme eher zu,stimme eher zu,stimme eher zu,weder/noch,stimme eher zu,stimme eher zu,stimme eher zu,stimme eher zu,weder/noch,stimme eher zu,stimme eher zu,stimme eher zu,lehne ab,bis zu 20 Minuten,bis zu 20 Kilometer,Ja,Nein,Nein,,etwa 20 Minuten,NA,NA,NA,NA,NA,NA,NA,NA,NA,eher lang,Stadtzentrum,NA,NA,NA,NA,NA,NA,NA,NA,NA,eher gut,Nein,,stimme eher zu,stimme eher zu,stimme zu,weder/noch,weder/noch,weder/noch,weder/noch,stimme eher zu,stimme eher zu,weder/noch,stimme eher zu,stimme eher zu,stimme eher zu,lehne eher ab,lehne eher ab,lehne ab,lehne eher ab,stimme eher zu,24116,großstädtisch,zentral,weiblich,1979,mehr als 3.000 EUR,NA,Ja gerne,NA,NA,NA,NA,NA,NA,NA,NA,NA,NA,NA,NA,NA,NA,NA,NA,NA,NA,NA,NA,NA,NA,NA,NA,NA,NA,NA,NA,NA,NA,NA,NA,NA,NA,NA,NA,NA,NA,NA,NA,NA,NA,NA,NA,NA,NA,NA,NA,NA,NA,NA,NA,NA,NA,NA,NA,NA,NA,NA,NA,NA,NA,NA,NA,NA,NA,NA,NA,NA,NA,NA,NA,NA,NA,NA,NA,NA,NA,NA,NA,NA,NA,NA,NA
102,NA,5,de,171858309,2019-08-07T13:12:54Z,2019-08-07T13:13:50Z,46.89.241.124,http://m.facebook.com/,Nein,Nein,Ja,Nein,Nein,Nein,Nein,Nein,,Nein,Ja,Nein,,1,NA,NA,NA,NA,NA,NA,NA,NA,NA,weder/noch,stimme eher zu,stimme zu,stimme zu,stimme zu,stimme voll und ganz zu,stimme zu,,,,,,,,,,,,,,,,,,,,N/A,N/A,N/A,,,NA,NA,NA,NA,NA,NA,NA,NA,NA,,,NA,NA,NA,NA,NA,NA,NA,NA,NA,,,,,,,,,,,,,,,,,,,,,,,,,,NA,,NA,,NA,NA,NA,NA,NA,NA,NA,NA,NA,NA,NA,NA,NA,NA,NA,NA,NA,NA,NA,NA,NA,NA,NA,NA,NA,NA,NA,NA,NA,NA,NA,NA,NA,NA,NA,NA,NA,NA,NA,NA,NA,NA,NA,NA,NA,NA,NA,NA,NA,NA,NA,NA,NA,NA,NA,NA,NA,NA,NA,NA,NA,NA,NA,NA,NA,NA,NA,NA,NA,NA,NA,NA,NA,NA,NA,NA,NA,NA,NA,NA,NA,NA,NA,NA
764,2019-11-17T20:13:35Z,25,de,1078416964,2019-11-17T20:07:47Z,2019-11-17T20:13:35Z,2003:cf:1f19:2ef4:4113:3d32:2da0:1aec,,Ja,Ja,Nein,Nein,Nein,Nein,Nein,Ja,,Nein,Ja,Ja,,1,NA,NA,NA,NA,NA,NA,NA,NA,NA,stimme zu,stimme eher zu,stimme eher zu,stimme eher zu,stimme zu,stimme eher zu,stimme eher zu,stimme eher zu,stimme zu,stimme eher zu,stimme eher zu,stimme eher zu,stimme zu,weder/noch,stimme eher zu,stimme eher zu,stimme eher zu,stimme eher zu,weder/noch,lehne eher ab,weder/noch,weder/noch,lehne eher ab,lehne voll und ganz ab,bis zu 20 Minuten,bis zu 20 Kilometer,Ja,Nein,Nein,,etwa 20 Minuten,NA,NA,NA,NA,NA,NA,NA,NA,NA,weder/noch,Stadtzentrum,NA,NA,NA,NA,NA,NA,NA,NA,NA,sehr gut,Nein,,lehne eher ab,lehne eher ab,lehne eher ab,lehne eher ab,weder/noch,weder/noch,lehne eher ab,stimme eher zu,stimme eher zu,stimme eher zu,lehne ab,stimme eher zu,stimme zu,stimme zu,lehne eher ab,lehne ab,lehne ab,weder/noch,,großstädtisch,zentral,weiblich,2000,weiß ich nicht,NA,Nein danke,NA,NA,NA,NA,NA,NA,NA,NA,NA,NA,NA,NA,NA,NA,NA,NA,NA,NA,NA,NA,NA,NA,NA,NA,NA,NA,NA,NA,NA,NA,NA,NA,NA,NA,NA,NA,NA,NA,NA,NA,NA,NA,NA,NA,NA,NA,NA,NA,NA,NA,NA,NA,NA,NA,NA,NA,NA,NA,NA,NA,NA,NA,NA,NA,NA,NA,NA,NA,NA,NA,NA,NA,NA,NA,NA,NA,NA,NA,NA,NA,NA,NA,NA,NA
57,2019-08-06T20:50:10Z,25,de,313446644,2019-08-06T20:41:08Z,2019-08-06T20:50:10Z,2003:dd:cbc3:a028:d008:ff75:87be:9534,,Nein,Nein,Ja,Nein,Ja,Nein,Ja,Ja,,Ja,Ja,Nein,,1,NA,NA,NA,NA,NA,NA,NA,NA,NA,stimme zu,stimme eher zu,stimme eher zu,stimme eher zu,stimme eher zu,stimme eher zu,stimme eher zu,stimme eher zu,stimme eher zu,stimme eher zu,stimme eher zu,stimme eher zu,stimme eher zu,stimme eher zu,stimme eher zu,stimme eher zu,stimme eher zu,stimme eher zu,stimme eher zu,stimme eher zu,stimme eher zu,stimme eher zu,stimme eher zu,stimme eher zu,bis zu 60 Minuten,bis zu 50 Kilometer,Nein,Ja,Ja,,etwa 20 Minuten,NA,NA,NA,NA,NA,NA,NA,NA,NA,weder/noch,Stadtzentrum,NA,NA,NA,NA,NA,NA,NA,NA,NA,weder/noch,Nein,,stimme eher zu,stimme eher zu,weder/noch,weder/noch,stimme eher zu,lehne ab,lehne ab,lehne ab,weder/noch,weder/noch,lehne eher ab,lehne eher ab,stimme eher zu,weder/noch,lehne ab,lehne ab,lehne voll und ganz ab,lehne voll und ganz ab,,ländlich,dezentral (Randlage),männlich,1990,2.001 - 3.000 EUR,NA,Ja gerne,NA,NA,NA,NA,NA,NA,NA,NA,NA,NA,NA,NA,NA,NA,NA,NA,NA,NA,NA,NA,NA,NA,NA,NA,NA,NA,NA,NA,NA,NA,NA,NA,NA,NA,NA,NA,NA,NA,NA,NA,NA,NA,NA,NA,NA,NA,NA,NA,NA,NA,NA,NA,NA,NA,NA,NA,NA,NA,NA,NA,NA,NA,NA,NA,NA,NA,NA,NA,NA,NA,NA,NA,NA,NA,NA,NA,NA,NA,NA,NA,NA,NA,NA,NA
596,2019-08-07T21:25:37Z,25,de,1590213514,2019-08-07T21:18:44Z,2019-08-07T21:25:37Z,80.187.111.97,,Nein,Ja,Nein,Nein,Nein,Nein,Ja,Nein,,Ja,Nein,Nein,,1,NA,NA,NA,NA,NA,NA,NA,NA,NA,lehne eher ab,lehne eher ab,lehne ab,lehne ab,lehne voll und ganz ab,lehne ab,lehne ab,lehne eher ab,lehne ab,lehne ab,lehne eher ab,lehne ab,lehne ab,lehne ab,lehne ab,lehne ab,lehne eher ab,lehne ab,lehne voll und ganz ab,lehne voll und ganz ab,lehne ab,lehne ab,lehne ab,lehne voll und ganz ab,bis zu 20 Minuten,bis zu 20 Kilometer,Nein,Nein,Ja,,etwa 20 Minuten,NA,NA,NA,NA,NA,NA,NA,NA,NA,eher lang,Stadtzentrum,NA,NA,NA,NA,NA,NA,NA,NA,NA,weder/noch,Nein,,lehne voll und ganz ab,lehne ab,lehne voll und ganz ab,lehne voll und ganz ab,lehne voll und ganz ab,lehne voll und ganz ab,lehne voll und ganz ab,lehne voll und ganz ab,lehne voll und ganz ab,lehne voll und ganz ab,lehne voll und ganz ab,lehne voll und ganz ab,lehne voll und ganz ab,lehne voll und ganz ab,lehne voll und ganz ab,lehne voll und ganz ab,lehne voll und ganz ab,lehne voll und ganz ab,,ländlich,abgelegen,weiblich,1971,500 - 1.000 EUR,NA,Nein danke,NA,NA,NA,NA,NA,NA,NA,NA,NA,NA,NA,NA,NA,NA,NA,NA,NA,NA,NA,NA,NA,NA,NA,NA,NA,NA,NA,NA,NA,NA,NA,NA,NA,NA,NA,NA,NA,NA,NA,NA,NA,NA,NA,NA,NA,NA,NA,NA,NA,NA,NA,NA,NA,NA,NA,NA,NA,NA,NA,NA,NA,NA,NA,NA,NA,NA,NA,NA,NA,NA,NA,NA,NA,NA,NA,NA,NA,NA,NA,NA,NA,NA,NA,NA
223,NA,7,de,1513564439,2019-08-07T14:21:47Z,2019-08-07T14:30:47Z,91.205.36.179,http://l.facebook.com/l.php?u=http%3A%2F%2Fent-survey.org%2Fls%2Findex.php%2F982118%3Flang%3Dde%26fbclid%3DIwAR0tytKGcW6EkoMfG8256AEmTVtHGdOfmwkKN1xjES-wrt1Wrv8SVYEeYR4&h=AT2zugdq1tJIKi7GRt0O-go7J33J9ddsL5tn_EP2FtxS84HRmiDQ4G8muMY44A8yGGpreMoZ2CJHVFGH-i_4w1-DmXVZDXKsMLgh7UDt6FwbT5ueSa8xkE1iQtjgVx0aRksfAa18gi3Jstobr-O4ixrDOEK5ceMnog,Nein,Nein,Nein,Ja,Nein,Ja,Nein,Nein,,Ja,Ja,Ja,,2,NA,NA,NA,NA,NA,NA,NA,NA,NA,stimme zu,stimme zu,stimme zu,stimme eher zu,stimme zu,weder/noch,stimme eher zu,stimme eher zu,stimme eher zu,weder/noch,stimme eher zu,stimme zu,stimme eher zu,stimme eher zu,stimme zu,,,,,,,,,,,,N/A,N/A,N/A,,,NA,NA,NA,NA,NA,NA,NA,NA,NA,,,NA,NA,NA,NA,NA,NA,NA,NA,NA,,,,,,,,,,,,,,,,,,,,,,,,,,NA,,NA,,NA,NA,NA,NA,NA,NA,NA,NA,NA,NA,NA,NA,NA,NA,NA,NA,NA,NA,NA,NA,NA,NA,NA,NA,NA,NA,NA,NA,NA,NA,NA,NA,NA,NA,NA,NA,NA,NA,NA,NA,NA,NA,NA,NA,NA,NA,NA,NA,NA,NA,NA,NA,NA,NA,NA,NA,NA,NA,NA,NA,NA,NA,NA,NA,NA,NA,NA,NA,NA,NA,NA,NA,NA,NA,NA,NA,NA,NA,NA,NA,NA,NA,NA,NA
705,NA,11,de,1586196997,2019-08-08T20:15:42Z,2019-08-08T20:18:32Z,2a02:810c:280:1f19:95f0:77c3:4e9d:d83d,http://m.facebook.com,Nein,Nein,Ja,Ja,Nein,Nein,Ja,Ja,,Nein,Ja,Nein,,2,NA,NA,NA,NA,NA,NA,NA,NA,NA,stimme eher zu,stimme zu,stimme zu,stimme voll und ganz zu,stimme zu,stimme voll und ganz zu,stimme zu,stimme zu,stimme zu,stimme zu,stimme zu,stimme voll und ganz zu,stimme voll und ganz zu,stimme voll und ganz zu,stimme voll und ganz zu,stimme voll und ganz zu,stimme eher zu,stimme zu,stimme zu,weder/noch,stimme voll und ganz zu,stimme voll und ganz zu,stimme voll und ganz zu,stimme voll und ganz zu,bis zu 60 Minuten,bis zu 50 Kilometer,N/A,N/A,N/A,,,NA,NA,NA,NA,NA,NA,NA,NA,NA,,,NA,NA,NA,NA,NA,NA,NA,NA,NA,,,,,,,,,,,,,,,,,,,,,,,,,,NA,,NA,,NA,NA,NA,NA,NA,NA,NA,NA,NA,NA,NA,NA,NA,NA,NA,NA,NA,NA,NA,NA,NA,NA,NA,NA,NA,NA,NA,NA,NA,NA,NA,NA,NA,NA,NA,NA,NA,NA,NA,NA,NA,NA,NA,NA,NA,NA,NA,NA,NA,NA,NA,NA,NA,NA,NA,NA,NA,NA,NA,NA,NA,NA,NA,NA,NA,NA,NA,NA,NA,NA,NA,NA,NA,NA,NA,NA,NA,NA,NA,NA,NA,NA,NA,NA
497,2019-08-07T17:57:20Z,25,de,1576950048,2019-08-07T17:44:50Z,2019-08-07T17:57:20Z,109.41.67.93,https://m.facebook.com/,Ja,Nein,Nein,Nein,Nein,Ja,Ja,Ja,,Nein,Ja,Nein,,2,NA,NA,NA,NA,NA,NA,NA,NA,NA,stimme eher zu,stimme eher zu,stimme zu,stimme eher zu,stimme eher zu,weder/noch,lehne eher ab,stimme zu,stimme eher zu,stimme eher zu,weder/noch,stimme eher zu,stimme zu,stimme eher zu,stimme eher zu,stimme voll und ganz zu,stimme eher zu,stimme voll und ganz zu,stimme voll und ganz zu,lehne eher ab,stimme voll und ganz zu,stimme zu,stimme eher zu,lehne ab,bis zu 20 Minuten,bis zu 20 Kilometer,Ja,Nein,Nein,,etwa 20 Minuten,NA,NA,NA,NA,NA,NA,NA,NA,NA,eher kurz,Stadtrand,NA,NA,NA,NA,NA,NA,NA,NA,NA,eher schlecht,Ja,ca. 6 bis 12 Monate,stimme eher zu,stimme eher zu,lehne eher ab,stimme eher zu,stimme eher zu,weder/noch,lehne eher ab,stimme eher zu,stimme eher zu,weder/noch,lehne eher ab,stimme eher zu,stimme eher zu,stimme eher zu,stimme eher zu,weder/noch,stimme eher zu,stimme eher zu,30165,großstädtisch,zentral,weiblich,1994,1.001 - 2.000 EUR,NA,Ja gerne,NA,NA,NA,NA,NA,NA,NA,NA,NA,NA,NA,NA,NA,NA,NA,NA,NA,NA,NA,NA,NA,NA,NA,NA,NA,NA,NA,NA,NA,NA,NA,NA,NA,NA,NA,NA,NA,NA,NA,NA,NA,NA,NA,NA,NA,NA,NA,NA,NA,NA,NA,NA,NA,NA,NA,NA,NA,NA,NA,NA,NA,NA,NA,NA,NA,NA,NA,NA,NA,NA,NA,NA,NA,NA,NA,NA,NA,NA,NA,NA,NA,NA,NA,NA
512,NA,4,de,541007527,2019-08-07T18:13:04Z,2019-08-07T18:13:51Z,87.179.152.97,http://m.facebook.com/,Ja,Ja,Ja,Nein,Nein,Nein,Ja,Nein,,Ja,Nein,Nein,,2,NA,NA,NA,NA,NA,NA,NA,NA,NA,,,,,,,,,,,,,,,,,,,,,,,,,,,N/A,N/A,N/A,,,NA,NA,NA,NA,NA,NA,NA,NA,NA,,,NA,NA,NA,NA,NA,NA,NA,NA,NA,,,,,,,,,,,,,,,,,,,,,,,,,,NA,,NA,,NA,NA,NA,NA,NA,NA,NA,NA,NA,NA,NA,NA,NA,NA,NA,NA,NA,NA,NA,NA,NA,NA,NA,NA,NA,NA,NA,NA,NA,NA,NA,NA,NA,NA,NA,NA,NA,NA,NA,NA,NA,NA,NA,NA,NA,NA,NA,NA,NA,NA,NA,NA,NA,NA,NA,NA,NA,NA,NA,NA,NA,NA,NA,NA,NA,NA,NA,NA,NA,NA,NA,NA,NA,NA,NA,NA,NA,NA,NA,NA,NA,NA,NA,NA
700,2019-08-08T13:50:51Z,25,de,1873215035,2019-08-08T13:35:07Z,2019-08-08T13:50:51Z,77.23.238.134,http://m.facebook.com/,Ja,Nein,Nein,Nein,Nein,Nein,Ja,Nein,Stoff ,Nein,Ja,Nein,,2,NA,NA,NA,NA,NA,NA,NA,NA,NA,stimme zu,stimme zu,stimme zu,stimme zu,stimme voll und ganz zu,stimme voll und ganz zu,stimme zu,stimme voll und ganz zu,stimme zu,stimme voll und ganz zu,stimme zu,stimme zu,stimme zu,stimme zu,stimme zu,stimme zu,stimme eher zu,stimme voll und ganz zu,stimme zu,weder/noch,stimme zu,stimme zu,stimme voll und ganz zu,stimme zu,bis zu 45 Minuten,bis zu 50 Kilometer,Ja,Ja,Nein,,etwa 20 Minuten,NA,NA,NA,NA,NA,NA,NA,NA,NA,weder/noch,Stadtrand,NA,NA,NA,NA,NA,NA,NA,NA,NA,eher gut,Nein,,lehne eher ab,weder/noch,lehne ab,lehne eher ab,weder/noch,lehne eher ab,stimme eher zu,stimme eher zu,stimme eher zu,lehne eher ab,stimme eher zu,stimme zu,stimme eher zu,stimme eher zu,lehne eher ab,lehne voll und ganz ab,weder/noch,stimme eher zu,24107 ,kleinstädtisch,dezentral (Randlage),weiblich,1984,2.001 - 3.000 EUR,NA,Ja gerne,NA,NA,NA,NA,NA,NA,NA,NA,NA,NA,NA,NA,NA,NA,NA,NA,NA,NA,NA,NA,NA,NA,NA,NA,NA,NA,NA,NA,NA,NA,NA,NA,NA,NA,NA,NA,NA,NA,NA,NA,NA,NA,NA,NA,NA,NA,NA,NA,NA,NA,NA,NA,NA,NA,NA,NA,NA,NA,NA,NA,NA,NA,NA,NA,NA,NA,NA,NA,NA,NA,NA,NA,NA,NA,NA,NA,NA,NA,NA,NA,NA,NA,NA,NA
219,2019-08-07T14:28:53Z,25,de,369730155,2019-08-07T14:19:12Z,2019-08-07T14:28:53Z,80.187.110.129,http://m.facebook.com,Ja,Ja,Nein,Nein,Ja,Nein,Ja,Ja,,Nein,Nein,Ja,,2,NA,NA,NA,NA,NA,NA,NA,NA,NA,weder/noch,weder/noch,weder/noch,lehne eher ab,lehne ab,lehne ab,lehne ab,lehne eher ab,lehne eher ab,lehne eher ab,lehne ab,lehne ab,lehne ab,lehne ab,lehne ab,lehne ab,lehne ab,lehne ab,lehne ab,lehne ab,lehne ab,lehne ab,lehne ab,lehne ab,bis zu 20 Minuten,bis zu 5 Kilometer,Ja,Nein,Nein,,etwa 20 Minuten,NA,NA,NA,NA,NA,NA,NA,NA,NA,weder/noch,Stadtrand,NA,NA,NA,NA,NA,NA,NA,NA,NA,eher schlecht,Nein,,stimme eher zu,weder/noch,stimme eher zu,weder/noch,weder/noch,weder/noch,weder/noch,stimme eher zu,stimme eher zu,weder/noch,stimme eher zu,lehne eher ab,weder/noch,lehne eher ab,weder/noch,weder/noch,weder/noch,weder/noch,22047,großstädtisch,zentral,weiblich,1986,mehr als 3.000 EUR,NA,Nein danke,NA,NA,NA,NA,NA,NA,NA,NA,NA,NA,NA,NA,NA,NA,NA,NA,NA,NA,NA,NA,NA,NA,NA,NA,NA,NA,NA,NA,NA,NA,NA,NA,NA,NA,NA,NA,NA,NA,NA,NA,NA,NA,NA,NA,NA,NA,NA,NA,NA,NA,NA,NA,NA,NA,NA,NA,NA,NA,NA,NA,NA,NA,NA,NA,NA,NA,NA,NA,NA,NA,NA,NA,NA,NA,NA,NA,NA,NA,NA,NA,NA,NA,NA,NA
781,2019-12-04T12:10:54Z,25,de,1912617376,2019-12-04T12:03:35Z,2019-12-04T12:10:54Z,87.187.128.214,,Ja,Ja,Ja,Ja,Nein,Nein,Nein,Nein,,Nein,Ja,Ja,,2,NA,NA,NA,NA,NA,NA,NA,NA,NA,weder/noch,weder/noch,weder/noch,stimme zu,stimme eher zu,stimme eher zu,stimme eher zu,stimme eher zu,stimme eher zu,weder/noch,stimme eher zu,weder/noch,stimme eher zu,stimme eher zu,stimme eher zu,weder/noch,weder/noch,stimme eher zu,weder/noch,lehne eher ab,weder/noch,stimme eher zu,stimme eher zu,lehne eher ab,bis zu 20 Minuten,bis zu 20 Kilometer,Ja,Nein,Nein,,etwa 20 Minuten,NA,NA,NA,NA,NA,NA,NA,NA,NA,eher lang,Stadtrand,NA,NA,NA,NA,NA,NA,NA,NA,NA,eher schlecht,Ja,weniger als 3 Monate,stimme zu,stimme eher zu,stimme zu,stimme zu,stimme zu,stimme eher zu,weder/noch,stimme eher zu,stimme eher zu,stimme eher zu,stimme eher zu,stimme eher zu,stimme eher zu,stimme eher zu,stimme eher zu,stimme eher zu,stimme eher zu,stimme eher zu,97450,ländlich,zentral,männlich,1993,2.001 - 3.000 EUR,NA,Ja gerne,NA,NA,NA,NA,NA,NA,NA,NA,NA,NA,NA,NA,NA,NA,NA,NA,NA,NA,NA,NA,NA,NA,NA,NA,NA,NA,NA,NA,NA,NA,NA,NA,NA,NA,NA,NA,NA,NA,NA,NA,NA,NA,NA,NA,NA,NA,NA,NA,NA,NA,NA,NA,NA,NA,NA,NA,NA,NA,NA,NA,NA,NA,NA,NA,NA,NA,NA,NA,NA,NA,NA,NA,NA,NA,NA,NA,NA,NA,NA,NA,NA,NA,NA,NA
681,2019-08-08T09:37:31Z,25,de,1419667864,2019-08-08T09:32:28Z,2019-08-08T09:37:31Z,2a02:8108:1c0:6780:d63:8fa8:31e0:2d0b,http://m.facebook.com,Ja,Nein,Nein,Nein,Nein,Nein,Nein,Nein,,Nein,Ja,Nein,,2,NA,NA,NA,NA,NA,NA,NA,NA,NA,stimme eher zu,stimme eher zu,weder/noch,stimme eher zu,stimme eher zu,stimme eher zu,stimme eher zu,stimme zu,stimme zu,stimme zu,stimme eher zu,stimme eher zu,stimme eher zu,weder/noch,weder/noch,stimme eher zu,stimme eher zu,stimme eher zu,stimme eher zu,lehne eher ab,stimme eher zu,stimme zu,stimme eher zu,lehne eher ab,bis zu 20 Minuten,bis zu 20 Kilometer,Nein,Ja,Nein,,etwa 20 Minuten,NA,NA,NA,NA,NA,NA,NA,NA,NA,weder/noch,Stadtrand,NA,NA,NA,NA,NA,NA,NA,NA,NA,eher gut,Nein,,stimme eher zu,stimme eher zu,stimme eher zu,stimme eher zu,stimme zu,weder/noch,stimme eher zu,stimme eher zu,stimme zu,stimme zu,stimme zu,stimme eher zu,stimme zu,stimme eher zu,weder/noch,lehne ab,lehne ab,weder/noch,24106,kleinstädtisch,dezentral (Randlage),weiblich,1995,1.001 - 2.000 EUR,NA,Nein danke,NA,NA,NA,NA,NA,NA,NA,NA,NA,NA,NA,NA,NA,NA,NA,NA,NA,NA,NA,NA,NA,NA,NA,NA,NA,NA,NA,NA,NA,NA,NA,NA,NA,NA,NA,NA,NA,NA,NA,NA,NA,NA,NA,NA,NA,NA,NA,NA,NA,NA,NA,NA,NA,NA,NA,NA,NA,NA,NA,NA,NA,NA,NA,NA,NA,NA,NA,NA,NA,NA,NA,NA,NA,NA,NA,NA,NA,NA,NA,NA,NA,NA,NA,NA
22,2019-08-06T13:48:05Z,25,de,1851319536,2019-08-06T13:23:27Z,2019-08-06T13:48:05Z,77.8.160.89,http://m.facebook.com,Nein,Ja,Nein,Ja,Nein,Nein,Ja,Nein,,Nein,Ja,Nein,,2,NA,NA,NA,NA,NA,NA,NA,NA,NA,weder/noch,stimme eher zu,stimme zu,stimme zu,stimme voll und ganz zu,stimme zu,stimme zu,stimme zu,stimme zu,stimme eher zu,stimme zu,stimme eher zu,stimme zu,stimme eher zu,stimme zu,stimme zu,stimme eher zu,stimme zu,stimme zu,weder/noch,stimme eher zu,stimme eher zu,stimme eher zu,lehne ab,bis zu 20 Minuten,bis zu 20 Kilometer,Ja,Nein,Nein,,etwa 20 Minuten,NA,NA,NA,NA,NA,NA,NA,NA,NA,eher kurz,weiß ich nicht mehr,NA,NA,NA,NA,NA,NA,NA,NA,NA,weder/noch,Ja,ca. 3 bis 6 Monate,stimme eher zu,stimme zu,stimme eher zu,stimme zu,stimme zu,stimme eher zu,stimme eher zu,stimme eher zu,stimme eher zu,stimme zu,stimme zu,stimme eher zu,stimme zu,stimme eher zu,stimme eher zu,weder/noch,lehne eher ab,stimme eher zu,24143,kleinstädtisch,zentral,männlich,1986,1.001 - 2.000 EUR,NA,Ja gerne,NA,NA,NA,NA,NA,NA,NA,NA,NA,NA,NA,NA,NA,NA,NA,NA,NA,NA,NA,NA,NA,NA,NA,NA,NA,NA,NA,NA,NA,NA,NA,NA,NA,NA,NA,NA,NA,NA,NA,NA,NA,NA,NA,NA,NA,NA,NA,NA,NA,NA,NA,NA,NA,NA,NA,NA,NA,NA,NA,NA,NA,NA,NA,NA,NA,NA,NA,NA,NA,NA,NA,NA,NA,NA,NA,NA,NA,NA,NA,NA,NA,NA,NA,NA
403,NA,9,de,14079897,2019-08-07T16:01:10Z,2019-08-07T16:03:09Z,2.202.214.245,http://m.facebook.com,Ja,Ja,Nein,Nein,Ja,Nein,Nein,Nein,,Nein,Nein,Ja,,2,NA,NA,NA,NA,NA,NA,NA,NA,NA,stimme eher zu,stimme eher zu,stimme eher zu,weder/noch,weder/noch,weder/noch,lehne eher ab,stimme zu,stimme eher zu,weder/noch,stimme eher zu,stimme eher zu,stimme eher zu,stimme eher zu,stimme eher zu,stimme eher zu,stimme zu,stimme zu,stimme zu,stimme zu,stimme zu,stimme zu,stimme zu,stimme zu,,,N/A,N/A,N/A,,,NA,NA,NA,NA,NA,NA,NA,NA,NA,,,NA,NA,NA,NA,NA,NA,NA,NA,NA,,,,,,,,,,,,,,,,,,,,,,,,,,NA,,NA,,NA,NA,NA,NA,NA,NA,NA,NA,NA,NA,NA,NA,NA,NA,NA,NA,NA,NA,NA,NA,NA,NA,NA,NA,NA,NA,NA,NA,NA,NA,NA,NA,NA,NA,NA,NA,NA,NA,NA,NA,NA,NA,NA,NA,NA,NA,NA,NA,NA,NA,NA,NA,NA,NA,NA,NA,NA,NA,NA,NA,NA,NA,NA,NA,NA,NA,NA,NA,NA,NA,NA,NA,NA,NA,NA,NA,NA,NA,NA,NA,NA,NA,NA,NA
197,NA,8,de,1173669910,2019-08-07T14:11:33Z,2019-08-07T14:14:05Z,80.143.25.80,https://www.facebook.com/,Ja,Ja,Nein,Nein,Nein,Ja,Ja,Nein,,Ja,Nein,Nein,,2,NA,NA,NA,NA,NA,NA,NA,NA,NA,stimme zu,stimme zu,weder/noch,stimme eher zu,stimme zu,stimme zu,stimme zu,stimme zu,stimme zu,stimme zu,stimme zu,stimme zu,stimme zu,stimme zu,stimme zu,stimme zu,stimme eher zu,stimme eher zu,stimme eher zu,stimme eher zu,stimme eher zu,,,,,,N/A,N/A,N/A,,,NA,NA,NA,NA,NA,NA,NA,NA,NA,,,NA,NA,NA,NA,NA,NA,NA,NA,NA,,,,,,,,,,,,,,,,,,,,,,,,,,NA,,NA,,NA,NA,NA,NA,NA,NA,NA,NA,NA,NA,NA,NA,NA,NA,NA,NA,NA,NA,NA,NA,NA,NA,NA,NA,NA,NA,NA,NA,NA,NA,NA,NA,NA,NA,NA,NA,NA,NA,NA,NA,NA,NA,NA,NA,NA,NA,NA,NA,NA,NA,NA,NA,NA,NA,NA,NA,NA,NA,NA,NA,NA,NA,NA,NA,NA,NA,NA,NA,NA,NA,NA,NA,NA,NA,NA,NA,NA,NA,NA,NA,NA,NA,NA,NA
232,NA,4,de,906791364,2019-08-07T14:24:02Z,2019-08-07T14:24:54Z,46.114.0.135,http://m.facebook.com/,Nein,Nein,Nein,Nein,Nein,Nein,Ja,Nein,,Ja,Nein,Nein,,2,NA,NA,NA,NA,NA,NA,NA,NA,NA,,,,,,,,,,,,,,,,,,,,,,,,,,,N/A,N/A,N/A,,,NA,NA,NA,NA,NA,NA,NA,NA,NA,,,NA,NA,NA,NA,NA,NA,NA,NA,NA,,,,,,,,,,,,,,,,,,,,,,,,,,NA,,NA,,NA,NA,NA,NA,NA,NA,NA,NA,NA,NA,NA,NA,NA,NA,NA,NA,NA,NA,NA,NA,NA,NA,NA,NA,NA,NA,NA,NA,NA,NA,NA,NA,NA,NA,NA,NA,NA,NA,NA,NA,NA,NA,NA,NA,NA,NA,NA,NA,NA,NA,NA,NA,NA,NA,NA,NA,NA,NA,NA,NA,NA,NA,NA,NA,NA,NA,NA,NA,NA,NA,NA,NA,NA,NA,NA,NA,NA,NA,NA,NA,NA,NA,NA,NA
539,NA,8,de,815994918,2019-08-07T19:20:11Z,2019-08-07T19:24:00Z,2003:d2:170b:5400:6149:ef91:3a19:197,https://m.facebook.com/,Nein,Nein,Ja,Nein,Nein,Nein,Ja,Ja,,Ja,Nein,Nein,,2,NA,NA,NA,NA,NA,NA,NA,NA,NA,stimme zu,stimme zu,stimme voll und ganz zu,stimme zu,stimme zu,stimme zu,stimme zu,stimme zu,stimme zu,stimme zu,stimme zu,stimme zu,stimme zu,stimme zu,stimme zu,stimme zu,stimme zu,stimme zu,stimme zu,stimme zu,stimme zu,,,,,,N/A,N/A,N/A,,,NA,NA,NA,NA,NA,NA,NA,NA,NA,,,NA,NA,NA,NA,NA,NA,NA,NA,NA,,,,,,,,,,,,,,,,,,,,,,,,,,NA,,NA,,NA,NA,NA,NA,NA,NA,NA,NA,NA,NA,NA,NA,NA,NA,NA,NA,NA,NA,NA,NA,NA,NA,NA,NA,NA,NA,NA,NA,NA,NA,NA,NA,NA,NA,NA,NA,NA,NA,NA,NA,NA,NA,NA,NA,NA,NA,NA,NA,NA,NA,NA,NA,NA,NA,NA,NA,NA,NA,NA,NA,NA,NA,NA,NA,NA,NA,NA,NA,NA,NA,NA,NA,NA,NA,NA,NA,NA,NA,NA,NA,NA,NA,NA,NA
488,2019-08-07T17:42:24Z,25,de,1247008597,2019-08-07T17:33:34Z,2019-08-07T17:42:24Z,178.19.233.27,https://m.facebook.com/,Nein,Ja,Nein,Ja,Nein,Nein,Nein,Nein,,Ja,Nein,Nein,,2,NA,NA,NA,NA,NA,NA,NA,NA,NA,stimme eher zu,weder/noch,stimme zu,lehne ab,stimme eher zu,lehne eher ab,weder/noch,stimme zu,stimme eher zu,stimme eher zu,stimme eher zu,stimme eher zu,stimme zu,stimme eher zu,stimme eher zu,stimme eher zu,weder/noch,stimme zu,stimme eher zu,lehne eher ab,stimme eher zu,weder/noch,weder/noch,lehne voll und ganz ab,bis zu 20 Minuten,bis zu 20 Kilometer,Nein,Ja,Nein,,etwa 20 Minuten,NA,NA,NA,NA,NA,NA,NA,NA,NA,eher kurz,Stadtrand,NA,NA,NA,NA,NA,NA,NA,NA,NA,eher gut,Ja,ca. 6 bis 12 Monate,lehne ab,stimme zu,weder/noch,lehne ab,lehne eher ab,stimme eher zu,lehne ab,lehne eher ab,stimme zu,lehne ab,weder/noch,weder/noch,stimme eher zu,stimme eher zu,lehne eher ab,lehne eher ab,stimme eher zu,weder/noch,99428,ländlich,dezentral (Randlage),männlich,1988,weiß ich nicht,NA,Nein danke,NA,NA,NA,NA,NA,NA,NA,NA,NA,NA,NA,NA,NA,NA,NA,NA,NA,NA,NA,NA,NA,NA,NA,NA,NA,NA,NA,NA,NA,NA,NA,NA,NA,NA,NA,NA,NA,NA,NA,NA,NA,NA,NA,NA,NA,NA,NA,NA,NA,NA,NA,NA,NA,NA,NA,NA,NA,NA,NA,NA,NA,NA,NA,NA,NA,NA,NA,NA,NA,NA,NA,NA,NA,NA,NA,NA,NA,NA,NA,NA,NA,NA,NA,NA
567,NA,10,de,1232917720,2019-08-07T20:13:49Z,2019-08-07T20:18:48Z,2003:e7:af22:5724:9974:74cd:2e3c:1781,http://m.facebook.com,Ja,Ja,Ja,Nein,Nein,Nein,Nein,Nein,,Ja,Ja,Nein,,2,NA,NA,NA,NA,NA,NA,NA,NA,NA,stimme eher zu,stimme eher zu,stimme eher zu,stimme zu,stimme zu,stimme voll und ganz zu,stimme voll und ganz zu,stimme eher zu,stimme zu,stimme zu,stimme eher zu,stimme eher zu,stimme zu,stimme zu,stimme eher zu,stimme eher zu,stimme eher zu,stimme eher zu,stimme eher zu,stimme eher zu,stimme eher zu,stimme eher zu,stimme eher zu,lehne eher ab,bis zu 20 Minuten,,N/A,N/A,N/A,,,NA,NA,NA,NA,NA,NA,NA,NA,NA,,,NA,NA,NA,NA,NA,NA,NA,NA,NA,,,,,,,,,,,,,,,,,,,,,,,,,,NA,,NA,,NA,NA,NA,NA,NA,NA,NA,NA,NA,NA,NA,NA,NA,NA,NA,NA,NA,NA,NA,NA,NA,NA,NA,NA,NA,NA,NA,NA,NA,NA,NA,NA,NA,NA,NA,NA,NA,NA,NA,NA,NA,NA,NA,NA,NA,NA,NA,NA,NA,NA,NA,NA,NA,NA,NA,NA,NA,NA,NA,NA,NA,NA,NA,NA,NA,NA,NA,NA,NA,NA,NA,NA,NA,NA,NA,NA,NA,NA,NA,NA,NA,NA,NA,NA
73,NA,5,de,910300143,2019-08-07T12:35:45Z,2019-08-07T12:36:42Z,109.42.3.177,http://m.facebook.com/,Ja,Ja,Nein,Ja,Nein,Nein,Nein,Nein,,Nein,Ja,Nein,,2,NA,NA,NA,NA,NA,NA,NA,NA,NA,weder/noch,lehne eher ab,lehne eher ab,stimme eher zu,lehne eher ab,lehne ab,lehne ab,,,,,,,,,,,,,,,,,,,,N/A,N/A,N/A,,,NA,NA,NA,NA,NA,NA,NA,NA,NA,,,NA,NA,NA,NA,NA,NA,NA,NA,NA,,,,,,,,,,,,,,,,,,,,,,,,,,NA,,NA,,NA,NA,NA,NA,NA,NA,NA,NA,NA,NA,NA,NA,NA,NA,NA,NA,NA,NA,NA,NA,NA,NA,NA,NA,NA,NA,NA,NA,NA,NA,NA,NA,NA,NA,NA,NA,NA,NA,NA,NA,NA,NA,NA,NA,NA,NA,NA,NA,NA,NA,NA,NA,NA,NA,NA,NA,NA,NA,NA,NA,NA,NA,NA,NA,NA,NA,NA,NA,NA,NA,NA,NA,NA,NA,NA,NA,NA,NA,NA,NA,NA,NA,NA,NA
378,2019-08-07T15:52:54Z,25,de,194075007,2019-08-07T15:44:14Z,2019-08-07T15:52:54Z,2a01:c22:a44b:6b00:5078:9409:36d3:ee14,http://m.facebook.com,Ja,Ja,Nein,Ja,Nein,Ja,Ja,Nein,,Nein,Ja,Nein,,2,NA,NA,NA,NA,NA,NA,NA,NA,NA,lehne eher ab,stimme eher zu,lehne eher ab,lehne eher ab,weder/noch,stimme eher zu,weder/noch,stimme eher zu,stimme eher zu,stimme eher zu,weder/noch,stimme eher zu,stimme eher zu,weder/noch,weder/noch,stimme zu,weder/noch,stimme zu,stimme eher zu,lehne ab,stimme zu,stimme eher zu,weder/noch,lehne eher ab,bis zu 20 Minuten,bis zu 20 Kilometer,Nein,Ja,Nein,,etwa 20 Minuten,NA,NA,NA,NA,NA,NA,NA,NA,NA,eher kurz,Stadtrand,NA,NA,NA,NA,NA,NA,NA,NA,NA,eher gut,Nein,,weder/noch,weder/noch,lehne ab,lehne ab,stimme eher zu,lehne ab,stimme eher zu,stimme eher zu,lehne eher ab,lehne ab,lehne eher ab,weder/noch,weder/noch,lehne eher ab,weder/noch,lehne ab,lehne ab,stimme eher zu,,kleinstädtisch,dezentral (Randlage),weiblich,1999,bis 500 EUR,NA,Nein danke,NA,NA,NA,NA,NA,NA,NA,NA,NA,NA,NA,NA,NA,NA,NA,NA,NA,NA,NA,NA,NA,NA,NA,NA,NA,NA,NA,NA,NA,NA,NA,NA,NA,NA,NA,NA,NA,NA,NA,NA,NA,NA,NA,NA,NA,NA,NA,NA,NA,NA,NA,NA,NA,NA,NA,NA,NA,NA,NA,NA,NA,NA,NA,NA,NA,NA,NA,NA,NA,NA,NA,NA,NA,NA,NA,NA,NA,NA,NA,NA,NA,NA,NA,NA
68,2019-08-07T12:47:11Z,25,de,1235197419,2019-08-07T12:30:24Z,2019-08-07T12:47:11Z,109.41.66.54,http://m.facebook.com,Nein,Nein,Nein,Nein,Nein,Nein,Ja,Nein,,Nein,Ja,Nein,,2,NA,NA,NA,NA,NA,NA,NA,NA,NA,stimme voll und ganz zu,stimme voll und ganz zu,stimme voll und ganz zu,stimme voll und ganz zu,stimme voll und ganz zu,stimme voll und ganz zu,stimme voll und ganz zu,stimme voll und ganz zu,stimme voll und ganz zu,stimme voll und ganz zu,stimme voll und ganz zu,stimme voll und ganz zu,stimme voll und ganz zu,stimme voll und ganz zu,stimme voll und ganz zu,stimme voll und ganz zu,stimme zu,stimme voll und ganz zu,stimme voll und ganz zu,stimme eher zu,stimme voll und ganz zu,stimme voll und ganz zu,stimme eher zu,stimme eher zu,über 60 Minuten,über 50 Kilometer,Nein,Ja,Nein,,etwa 60 Minuten,NA,NA,NA,NA,NA,NA,NA,NA,NA,weder/noch,Stadtrand,NA,NA,NA,NA,NA,NA,NA,NA,NA,sehr gut,Nein,,stimme voll und ganz zu,stimme voll und ganz zu,weder/noch,stimme zu,stimme zu,stimme zu,weder/noch,weder/noch,stimme zu,stimme zu,stimme eher zu,stimme eher zu,stimme zu,stimme zu,stimme eher zu,weder/noch,stimme eher zu,stimme eher zu,24837,kleinstädtisch,zentral,männlich,1977,2.001 - 3.000 EUR,NA,Ja gerne,NA,NA,NA,NA,NA,NA,NA,NA,NA,NA,NA,NA,NA,NA,NA,NA,NA,NA,NA,NA,NA,NA,NA,NA,NA,NA,NA,NA,NA,NA,NA,NA,NA,NA,NA,NA,NA,NA,NA,NA,NA,NA,NA,NA,NA,NA,NA,NA,NA,NA,NA,NA,NA,NA,NA,NA,NA,NA,NA,NA,NA,NA,NA,NA,NA,NA,NA,NA,NA,NA,NA,NA,NA,NA,NA,NA,NA,NA,NA,NA,NA,NA,NA,NA
362,2019-08-07T15:40:25Z,25,de,714538591,2019-08-07T15:33:47Z,2019-08-07T15:40:25Z,84.183.110.241,http://m.facebook.com,Ja,Nein,Nein,Ja,Ja,Nein,Nein,Nein,,Nein,Ja,Nein,,2,NA,NA,NA,NA,NA,NA,NA,NA,NA,stimme zu,stimme voll und ganz zu,stimme eher zu,weder/noch,stimme zu,lehne eher ab,weder/noch,stimme zu,stimme eher zu,stimme eher zu,stimme zu,stimme zu,stimme eher zu,weder/noch,weder/noch,stimme eher zu,weder/noch,stimme voll und ganz zu,stimme zu,lehne eher ab,stimme eher zu,stimme eher zu,weder/noch,lehne ab,bis zu 45 Minuten,bis zu 50 Kilometer,Nein,Ja,Nein,,etwa 45 Minuten,NA,NA,NA,NA,NA,NA,NA,NA,NA,eher kurz,Stadtrand,NA,NA,NA,NA,NA,NA,NA,NA,NA,eher gut,Nein,,weder/noch,stimme eher zu,lehne eher ab,lehne ab,lehne ab,stimme eher zu,lehne voll und ganz ab,weder/noch,stimme eher zu,lehne ab,lehne ab,weder/noch,stimme eher zu,weder/noch,lehne voll und ganz ab,lehne voll und ganz ab,lehne voll und ganz ab,lehne voll und ganz ab,,ländlich,dezentral (Randlage),weiblich,1996,bis 500 EUR,NA,Ja gerne,NA,NA,NA,NA,NA,NA,NA,NA,NA,NA,NA,NA,NA,NA,NA,NA,NA,NA,NA,NA,NA,NA,NA,NA,NA,NA,NA,NA,NA,NA,NA,NA,NA,NA,NA,NA,NA,NA,NA,NA,NA,NA,NA,NA,NA,NA,NA,NA,NA,NA,NA,NA,NA,NA,NA,NA,NA,NA,NA,NA,NA,NA,NA,NA,NA,NA,NA,NA,NA,NA,NA,NA,NA,NA,NA,NA,NA,NA,NA,NA,NA,NA,NA,NA
452,NA,4,de,1477207635,2019-08-07T16:48:37Z,2019-08-07T16:49:39Z,87.122.68.63,http://m.facebook.com,Ja,Nein,Nein,Nein,Nein,Nein,Nein,Nein,,Nein,Ja,Nein,,2,NA,NA,NA,NA,NA,NA,NA,NA,NA,,,,,,,,,,,,,,,,,,,,,,,,,,,N/A,N/A,N/A,,,NA,NA,NA,NA,NA,NA,NA,NA,NA,,,NA,NA,NA,NA,NA,NA,NA,NA,NA,,,,,,,,,,,,,,,,,,,,,,,,,,NA,,NA,,NA,NA,NA,NA,NA,NA,NA,NA,NA,NA,NA,NA,NA,NA,NA,NA,NA,NA,NA,NA,NA,NA,NA,NA,NA,NA,NA,NA,NA,NA,NA,NA,NA,NA,NA,NA,NA,NA,NA,NA,NA,NA,NA,NA,NA,NA,NA,NA,NA,NA,NA,NA,NA,NA,NA,NA,NA,NA,NA,NA,NA,NA,NA,NA,NA,NA,NA,NA,NA,NA,NA,NA,NA,NA,NA,NA,NA,NA,NA,NA,NA,NA,NA,NA
433,2019-08-07T16:29:48Z,25,de,621483460,2019-08-07T16:23:10Z,2019-08-07T16:29:48Z,217.236.145.222,https://www.facebook.com/,Ja,Ja,Nein,Nein,Nein,Nein,Nein,Nein,,Nein,Ja,Nein,,2,NA,NA,NA,NA,NA,NA,NA,NA,NA,stimme voll und ganz zu,stimme voll und ganz zu,stimme voll und ganz zu,stimme zu,stimme eher zu,stimme eher zu,stimme zu,stimme voll und ganz zu,stimme voll und ganz zu,stimme voll und ganz zu,stimme zu,stimme zu,stimme zu,stimme zu,stimme zu,stimme voll und ganz zu,weder/noch,stimme voll und ganz zu,stimme voll und ganz zu,stimme voll und ganz zu,stimme eher zu,stimme voll und ganz zu,stimme voll und ganz zu,stimme eher zu,über 60 Minuten,über 50 Kilometer,Nein,Ja,Nein,,etwa 20 Minuten,NA,NA,NA,NA,NA,NA,NA,NA,NA,weder/noch,Stadtrand,NA,NA,NA,NA,NA,NA,NA,NA,NA,eher gut,Ja,weniger als 3 Monate,stimme voll und ganz zu,stimme voll und ganz zu,lehne eher ab,stimme eher zu,stimme zu,lehne eher ab,weder/noch,stimme eher zu,stimme zu,weder/noch,stimme voll und ganz zu,stimme voll und ganz zu,stimme voll und ganz zu,stimme voll und ganz zu,weder/noch,lehne ab,lehne ab,lehne ab,57074,kleinstädtisch,dezentral (Randlage),weiblich,1973,mehr als 3.000 EUR,NA,Ja gerne,NA,NA,NA,NA,NA,NA,NA,NA,NA,NA,NA,NA,NA,NA,NA,NA,NA,NA,NA,NA,NA,NA,NA,NA,NA,NA,NA,NA,NA,NA,NA,NA,NA,NA,NA,NA,NA,NA,NA,NA,NA,NA,NA,NA,NA,NA,NA,NA,NA,NA,NA,NA,NA,NA,NA,NA,NA,NA,NA,NA,NA,NA,NA,NA,NA,NA,NA,NA,NA,NA,NA,NA,NA,NA,NA,NA,NA,NA,NA,NA,NA,NA,NA,NA
655,2019-08-08T02:05:45Z,25,de,2038881072,2019-08-08T01:57:51Z,2019-08-08T02:05:45Z,2003:c2:1f0d:100:f08c:fc86:1d6d:16e1,https://www.facebook.com/,Nein,Nein,Nein,Ja,Nein,Nein,Ja,Ja,,Ja,Nein,Nein,,2,NA,NA,NA,NA,NA,NA,NA,NA,NA,lehne ab,lehne voll und ganz ab,lehne eher ab,lehne ab,weder/noch,weder/noch,lehne ab,lehne ab,lehne voll und ganz ab,lehne voll und ganz ab,lehne voll und ganz ab,lehne voll und ganz ab,lehne ab,lehne voll und ganz ab,lehne ab,lehne ab,lehne eher ab,lehne eher ab,lehne ab,lehne voll und ganz ab,lehne eher ab,stimme eher zu,weder/noch,lehne eher ab,bis zu 20 Minuten,bis zu 20 Kilometer,Nein,Nein,Nein,Nähe bereits etablierter Läden (mit Parkplatz),etwa 20 Minuten,NA,NA,NA,NA,NA,NA,NA,NA,NA,weder/noch,Stadtrand,NA,NA,NA,NA,NA,NA,NA,NA,NA,eher schlecht,Nein,,lehne ab,lehne ab,lehne ab,lehne voll und ganz ab,weder/noch,weder/noch,lehne eher ab,stimme eher zu,lehne eher ab,lehne ab,lehne voll und ganz ab,lehne voll und ganz ab,lehne ab,lehne voll und ganz ab,lehne voll und ganz ab,lehne voll und ganz ab,lehne voll und ganz ab,lehne ab,54526,ländlich,dezentral (Randlage),männlich,1988,mehr als 3.000 EUR,NA,Nein danke,NA,NA,NA,NA,NA,NA,NA,NA,NA,NA,NA,NA,NA,NA,NA,NA,NA,NA,NA,NA,NA,NA,NA,NA,NA,NA,NA,NA,NA,NA,NA,NA,NA,NA,NA,NA,NA,NA,NA,NA,NA,NA,NA,NA,NA,NA,NA,NA,NA,NA,NA,NA,NA,NA,NA,NA,NA,NA,NA,NA,NA,NA,NA,NA,NA,NA,NA,NA,NA,NA,NA,NA,NA,NA,NA,NA,NA,NA,NA,NA,NA,NA,NA,NA
686,NA,4,de,1148959483,2019-08-08T09:55:33Z,2019-08-08T09:56:43Z,84.148.172.170,http://m.facebook.com,Ja,Nein,Ja,Nein,Nein,Nein,Nein,Nein,,Nein,Ja,Nein,,2,NA,NA,NA,NA,NA,NA,NA,NA,NA,,,,,,,,,,,,,,,,,,,,,,,,,,,N/A,N/A,N/A,,,NA,NA,NA,NA,NA,NA,NA,NA,NA,,,NA,NA,NA,NA,NA,NA,NA,NA,NA,,,,,,,,,,,,,,,,,,,,,,,,,,NA,,NA,,NA,NA,NA,NA,NA,NA,NA,NA,NA,NA,NA,NA,NA,NA,NA,NA,NA,NA,NA,NA,NA,NA,NA,NA,NA,NA,NA,NA,NA,NA,NA,NA,NA,NA,NA,NA,NA,NA,NA,NA,NA,NA,NA,NA,NA,NA,NA,NA,NA,NA,NA,NA,NA,NA,NA,NA,NA,NA,NA,NA,NA,NA,NA,NA,NA,NA,NA,NA,NA,NA,NA,NA,NA,NA,NA,NA,NA,NA,NA,NA,NA,NA,NA,NA
609,2019-08-07T21:42:03Z,25,de,440677531,2019-08-07T21:36:10Z,2019-08-07T21:42:03Z,84.155.240.135,http://m.facebook.com/,Ja,Ja,Nein,Ja,Nein,Ja,Nein,Nein,,Ja,Ja,Nein,,2,NA,NA,NA,NA,NA,NA,NA,NA,NA,stimme voll und ganz zu,stimme voll und ganz zu,stimme voll und ganz zu,stimme voll und ganz zu,stimme voll und ganz zu,stimme voll und ganz zu,stimme voll und ganz zu,stimme voll und ganz zu,stimme voll und ganz zu,stimme voll und ganz zu,stimme voll und ganz zu,stimme voll und ganz zu,stimme voll und ganz zu,stimme voll und ganz zu,stimme voll und ganz zu,stimme voll und ganz zu,stimme zu,stimme voll und ganz zu,stimme zu,stimme zu,stimme zu,stimme voll und ganz zu,stimme voll und ganz zu,stimme zu,bis zu 45 Minuten,bis zu 20 Kilometer,Ja,Ja,Ja,,etwa 20 Minuten,NA,NA,NA,NA,NA,NA,NA,NA,NA,weder/noch,Stadtrand,NA,NA,NA,NA,NA,NA,NA,NA,NA,eher gut,Nein,,stimme voll und ganz zu,stimme voll und ganz zu,stimme voll und ganz zu,stimme voll und ganz zu,stimme zu,stimme zu,stimme zu,stimme zu,stimme voll und ganz zu,stimme voll und ganz zu,stimme zu,stimme voll und ganz zu,stimme voll und ganz zu,stimme voll und ganz zu,stimme zu,stimme zu,stimme eher zu,stimme voll und ganz zu,,kleinstädtisch,zentral,weiblich,1993,500 - 1.000 EUR,NA,Nein danke,NA,NA,NA,NA,NA,NA,NA,NA,NA,NA,NA,NA,NA,NA,NA,NA,NA,NA,NA,NA,NA,NA,NA,NA,NA,NA,NA,NA,NA,NA,NA,NA,NA,NA,NA,NA,NA,NA,NA,NA,NA,NA,NA,NA,NA,NA,NA,NA,NA,NA,NA,NA,NA,NA,NA,NA,NA,NA,NA,NA,NA,NA,NA,NA,NA,NA,NA,NA,NA,NA,NA,NA,NA,NA,NA,NA,NA,NA,NA,NA,NA,NA,NA,NA
384,2019-08-07T15:53:33Z,25,de,301074385,2019-08-07T15:47:58Z,2019-08-07T15:53:33Z,2a02:8108:1240:1c50:3838:2f67:6c33:c421,http://m.facebook.com,Nein,Nein,Ja,Ja,Nein,Ja,Ja,Nein,,Nein,Ja,Nein,,2,NA,NA,NA,NA,NA,NA,NA,NA,NA,stimme eher zu,stimme eher zu,weder/noch,stimme eher zu,stimme zu,stimme eher zu,stimme zu,stimme eher zu,stimme zu,stimme zu,stimme eher zu,stimme zu,stimme zu,stimme eher zu,stimme eher zu,stimme eher zu,stimme eher zu,stimme eher zu,stimme eher zu,weder/noch,stimme eher zu,stimme eher zu,weder/noch,lehne eher ab,bis zu 45 Minuten,bis zu 50 Kilometer,Ja,Nein,Ja,,etwa 20 Minuten,NA,NA,NA,NA,NA,NA,NA,NA,NA,eher kurz,Stadtrand,NA,NA,NA,NA,NA,NA,NA,NA,NA,weder/noch,Nein,,stimme zu,stimme eher zu,lehne ab,weder/noch,stimme eher zu,weder/noch,lehne eher ab,stimme voll und ganz zu,stimme voll und ganz zu,weder/noch,lehne eher ab,weder/noch,stimme eher zu,stimme eher zu,lehne eher ab,lehne ab,lehne ab,lehne ab,,kleinstädtisch,dezentral (Randlage),weiblich,1994,mehr als 3.000 EUR,NA,Ja gerne,NA,NA,NA,NA,NA,NA,NA,NA,NA,NA,NA,NA,NA,NA,NA,NA,NA,NA,NA,NA,NA,NA,NA,NA,NA,NA,NA,NA,NA,NA,NA,NA,NA,NA,NA,NA,NA,NA,NA,NA,NA,NA,NA,NA,NA,NA,NA,NA,NA,NA,NA,NA,NA,NA,NA,NA,NA,NA,NA,NA,NA,NA,NA,NA,NA,NA,NA,NA,NA,NA,NA,NA,NA,NA,NA,NA,NA,NA,NA,NA,NA,NA,NA,NA
98,NA,5,de,1937159517,2019-08-07T13:05:55Z,2019-08-07T13:07:20Z,80.149.22.162,http://m.facebook.com,Ja,Ja,Nein,Nein,Nein,Ja,Nein,Ja,,Ja,Ja,Nein,,2,NA,NA,NA,NA,NA,NA,NA,NA,NA,stimme zu,stimme zu,stimme eher zu,stimme zu,lehne eher ab,weder/noch,stimme eher zu,,,,,,,,,,,,,,,,,,,,N/A,N/A,N/A,,,NA,NA,NA,NA,NA,NA,NA,NA,NA,,,NA,NA,NA,NA,NA,NA,NA,NA,NA,,,,,,,,,,,,,,,,,,,,,,,,,,NA,,NA,,NA,NA,NA,NA,NA,NA,NA,NA,NA,NA,NA,NA,NA,NA,NA,NA,NA,NA,NA,NA,NA,NA,NA,NA,NA,NA,NA,NA,NA,NA,NA,NA,NA,NA,NA,NA,NA,NA,NA,NA,NA,NA,NA,NA,NA,NA,NA,NA,NA,NA,NA,NA,NA,NA,NA,NA,NA,NA,NA,NA,NA,NA,NA,NA,NA,NA,NA,NA,NA,NA,NA,NA,NA,NA,NA,NA,NA,NA,NA,NA,NA,NA,NA,NA
677,2019-08-08T09:22:37Z,25,de,2010259688,2019-08-08T09:17:08Z,2019-08-08T09:22:37Z,134.245.115.87,https://www.facebook.com/,Ja,Nein,Nein,Ja,Nein,Nein,Ja,Nein,,Nein,Ja,Nein,,2,NA,NA,NA,NA,NA,NA,NA,NA,NA,stimme eher zu,stimme zu,stimme zu,stimme zu,stimme zu,weder/noch,stimme zu,stimme zu,stimme voll und ganz zu,stimme voll und ganz zu,stimme zu,stimme zu,stimme zu,stimme eher zu,stimme zu,stimme eher zu,stimme eher zu,stimme zu,stimme eher zu,lehne eher ab,stimme zu,stimme zu,stimme zu,lehne ab,bis zu 20 Minuten,bis zu 5 Kilometer,Ja,Nein,Nein,,etwa 20 Minuten,NA,NA,NA,NA,NA,NA,NA,NA,NA,eher lang,Stadtrand,NA,NA,NA,NA,NA,NA,NA,NA,NA,eher schlecht,Ja,länger als 12 Monate,stimme zu,stimme eher zu,stimme zu,stimme eher zu,stimme eher zu,stimme zu,lehne eher ab,stimme eher zu,stimme eher zu,stimme eher zu,lehne ab,stimme eher zu,stimme zu,stimme voll und ganz zu,weder/noch,weder/noch,stimme eher zu,stimme eher zu,,großstädtisch,zentral,weiblich,1989,500 - 1.000 EUR,NA,Nein danke,NA,NA,NA,NA,NA,NA,NA,NA,NA,NA,NA,NA,NA,NA,NA,NA,NA,NA,NA,NA,NA,NA,NA,NA,NA,NA,NA,NA,NA,NA,NA,NA,NA,NA,NA,NA,NA,NA,NA,NA,NA,NA,NA,NA,NA,NA,NA,NA,NA,NA,NA,NA,NA,NA,NA,NA,NA,NA,NA,NA,NA,NA,NA,NA,NA,NA,NA,NA,NA,NA,NA,NA,NA,NA,NA,NA,NA,NA,NA,NA,NA,NA,NA,NA
668,2019-08-08T08:41:57Z,25,de,1997976087,2019-08-08T08:25:14Z,2019-08-08T08:41:57Z,31.18.142.40,,Ja,Ja,Nein,Nein,Nein,Nein,Nein,Nein,Kinderartikel,Nein,Nein,Nein,Angebote.  Preisreduzierte Ware. Farbenfroh,2,NA,NA,NA,NA,NA,NA,NA,NA,NA,lehne eher ab,stimme eher zu,stimme zu,stimme zu,stimme voll und ganz zu,stimme voll und ganz zu,stimme zu,stimme zu,stimme eher zu,stimme eher zu,stimme eher zu,stimme eher zu,stimme eher zu,stimme eher zu,stimme zu,stimme zu,stimme eher zu,stimme zu,stimme zu,stimme zu,stimme zu,stimme voll und ganz zu,stimme zu,stimme zu,bis zu 20 Minuten,bis zu 20 Kilometer,Ja,Nein,Ja,,etwa 20 Minuten,NA,NA,NA,NA,NA,NA,NA,NA,NA,eher kurz,Stadtzentrum,NA,NA,NA,NA,NA,NA,NA,NA,NA,eher schlecht,Nein,,stimme eher zu,stimme eher zu,lehne eher ab,weder/noch,weder/noch,lehne eher ab,stimme eher zu,stimme eher zu,stimme eher zu,weder/noch,stimme eher zu,stimme eher zu,stimme eher zu,stimme zu,stimme eher zu,stimme zu,stimme zu,stimme voll und ganz zu,25436 ,kleinstädtisch,zentral,weiblich,1984,1.001 - 2.000 EUR,NA,Ja gerne,NA,NA,NA,NA,NA,NA,NA,NA,NA,NA,NA,NA,NA,NA,NA,NA,NA,NA,NA,NA,NA,NA,NA,NA,NA,NA,NA,NA,NA,NA,NA,NA,NA,NA,NA,NA,NA,NA,NA,NA,NA,NA,NA,NA,NA,NA,NA,NA,NA,NA,NA,NA,NA,NA,NA,NA,NA,NA,NA,NA,NA,NA,NA,NA,NA,NA,NA,NA,NA,NA,NA,NA,NA,NA,NA,NA,NA,NA,NA,NA,NA,NA,NA,NA
94,NA,3,de,1411474813,2019-08-07T13:01:49Z,2019-08-07T13:02:18Z,178.143.198.7,http://m.facebook.com/,Nein,Nein,Ja,Nein,Nein,Nein,Ja,Nein,,Nein,Ja,Nein,,2,NA,NA,NA,NA,NA,NA,NA,NA,NA,,,,,,,,,,,,,,,,,,,,,,,,,,,N/A,N/A,N/A,,,NA,NA,NA,NA,NA,NA,NA,NA,NA,,,NA,NA,NA,NA,NA,NA,NA,NA,NA,,,,,,,,,,,,,,,,,,,,,,,,,,NA,,NA,,NA,NA,NA,NA,NA,NA,NA,NA,NA,NA,NA,NA,NA,NA,NA,NA,NA,NA,NA,NA,NA,NA,NA,NA,NA,NA,NA,NA,NA,NA,NA,NA,NA,NA,NA,NA,NA,NA,NA,NA,NA,NA,NA,NA,NA,NA,NA,NA,NA,NA,NA,NA,NA,NA,NA,NA,NA,NA,NA,NA,NA,NA,NA,NA,NA,NA,NA,NA,NA,NA,NA,NA,NA,NA,NA,NA,NA,NA,NA,NA,NA,NA,NA,NA
478,NA,4,de,1110018542,2019-08-07T17:23:10Z,2019-08-07T17:23:36Z,212.186.44.43,https://www.facebook.com/,Nein,Nein,Nein,Ja,Nein,Nein,Nein,Nein,,Nein,Ja,Nein,,2,NA,NA,NA,NA,NA,NA,NA,NA,NA,,,,,,,,,,,,,,,,,,,,,,,,,,,N/A,N/A,N/A,,,NA,NA,NA,NA,NA,NA,NA,NA,NA,,,NA,NA,NA,NA,NA,NA,NA,NA,NA,,,,,,,,,,,,,,,,,,,,,,,,,,NA,,NA,,NA,NA,NA,NA,NA,NA,NA,NA,NA,NA,NA,NA,NA,NA,NA,NA,NA,NA,NA,NA,NA,NA,NA,NA,NA,NA,NA,NA,NA,NA,NA,NA,NA,NA,NA,NA,NA,NA,NA,NA,NA,NA,NA,NA,NA,NA,NA,NA,NA,NA,NA,NA,NA,NA,NA,NA,NA,NA,NA,NA,NA,NA,NA,NA,NA,NA,NA,NA,NA,NA,NA,NA,NA,NA,NA,NA,NA,NA,NA,NA,NA,NA,NA,NA
365,2019-08-07T15:41:15Z,25,de,1047615854,2019-08-07T15:35:27Z,2019-08-07T15:41:15Z,2a02:8108:1c0:a3c0:953b:4e17:fa2a:89a,http://m.facebook.com/,Nein,Nein,Ja,Nein,Nein,Nein,Ja,Nein,,Nein,Ja,Nein,,3,NA,NA,NA,NA,NA,NA,NA,NA,NA,stimme zu,stimme zu,stimme zu,stimme zu,stimme voll und ganz zu,stimme voll und ganz zu,stimme zu,stimme zu,stimme zu,stimme zu,stimme zu,stimme zu,stimme zu,stimme zu,stimme zu,stimme voll und ganz zu,stimme voll und ganz zu,stimme voll und ganz zu,stimme voll und ganz zu,lehne eher ab,stimme voll und ganz zu,stimme zu,weder/noch,weder/noch,bis zu 60 Minuten,bis zu 50 Kilometer,Nein,Ja,Ja,,etwa 20 Minuten,NA,NA,NA,NA,NA,NA,NA,NA,NA,weder/noch,weiß ich nicht mehr,NA,NA,NA,NA,NA,NA,NA,NA,NA,eher gut,Ja,ca. 3 bis 6 Monate,stimme zu,stimme zu,stimme zu,weder/noch,stimme eher zu,lehne eher ab,lehne eher ab,stimme zu,stimme eher zu,weder/noch,lehne eher ab,weder/noch,stimme zu,stimme zu,lehne eher ab,lehne voll und ganz ab,lehne eher ab,stimme eher zu,24116,großstädtisch,zentral,weiblich,1993,1.001 - 2.000 EUR,NA,Nein danke,NA,NA,NA,NA,NA,NA,NA,NA,NA,NA,NA,NA,NA,NA,NA,NA,NA,NA,NA,NA,NA,NA,NA,NA,NA,NA,NA,NA,NA,NA,NA,NA,NA,NA,NA,NA,NA,NA,NA,NA,NA,NA,NA,NA,NA,NA,NA,NA,NA,NA,NA,NA,NA,NA,NA,NA,NA,NA,NA,NA,NA,NA,NA,NA,NA,NA,NA,NA,NA,NA,NA,NA,NA,NA,NA,NA,NA,NA,NA,NA,NA,NA,NA,NA
123,NA,4,de,1922257177,2019-08-07T13:37:19Z,2019-08-07T13:38:36Z,2a01:598:918e:ff2f:a412:9a5a:1bb9:793b,http://m.facebook.com,Ja,Ja,Ja,Ja,Nein,Nein,Ja,Ja,,Nein,Ja,Ja,,3,NA,NA,NA,NA,NA,NA,NA,NA,NA,,,,,,,,,,,,,,,,,,,,,,,,,,,N/A,N/A,N/A,,,NA,NA,NA,NA,NA,NA,NA,NA,NA,,,NA,NA,NA,NA,NA,NA,NA,NA,NA,,,,,,,,,,,,,,,,,,,,,,,,,,NA,,NA,,NA,NA,NA,NA,NA,NA,NA,NA,NA,NA,NA,NA,NA,NA,NA,NA,NA,NA,NA,NA,NA,NA,NA,NA,NA,NA,NA,NA,NA,NA,NA,NA,NA,NA,NA,NA,NA,NA,NA,NA,NA,NA,NA,NA,NA,NA,NA,NA,NA,NA,NA,NA,NA,NA,NA,NA,NA,NA,NA,NA,NA,NA,NA,NA,NA,NA,NA,NA,NA,NA,NA,NA,NA,NA,NA,NA,NA,NA,NA,NA,NA,NA,NA,NA
77,2019-08-07T12:44:47Z,25,de,1633853698,2019-08-07T12:38:35Z,2019-08-07T12:44:47Z,2003:db:b708:e97a:8f1:80e4:6220:7ba7,http://ent-survey.org/ls/index.php/982118,Ja,Nein,Nein,Nein,Nein,Nein,Ja,Ja,,Nein,Ja,Nein,,3,NA,NA,NA,NA,NA,NA,NA,NA,NA,stimme eher zu,stimme eher zu,stimme eher zu,stimme eher zu,stimme eher zu,stimme eher zu,stimme eher zu,stimme eher zu,stimme eher zu,weder/noch,stimme eher zu,stimme eher zu,stimme eher zu,stimme eher zu,stimme eher zu,stimme zu,stimme zu,stimme zu,stimme zu,stimme zu,stimme zu,stimme zu,stimme zu,lehne eher ab,bis zu 45 Minuten,bis zu 50 Kilometer,Nein,Ja,Nein,,weiß ich nicht mehr,NA,NA,NA,NA,NA,NA,NA,NA,NA,eher kurz,Ländlicher Raum,NA,NA,NA,NA,NA,NA,NA,NA,NA,eher schlecht,Ja,weniger als 3 Monate,stimme eher zu,lehne eher ab,lehne voll und ganz ab,lehne ab,lehne eher ab,lehne voll und ganz ab,stimme eher zu,stimme eher zu,stimme eher zu,lehne eher ab,lehne eher ab,lehne ab,stimme eher zu,lehne eher ab,lehne eher ab,lehne ab,lehne ab,lehne eher ab,,ländlich,dezentral (Randlage),weiblich,1991,1.001 - 2.000 EUR,NA,Nein danke,NA,NA,NA,NA,NA,NA,NA,NA,NA,NA,NA,NA,NA,NA,NA,NA,NA,NA,NA,NA,NA,NA,NA,NA,NA,NA,NA,NA,NA,NA,NA,NA,NA,NA,NA,NA,NA,NA,NA,NA,NA,NA,NA,NA,NA,NA,NA,NA,NA,NA,NA,NA,NA,NA,NA,NA,NA,NA,NA,NA,NA,NA,NA,NA,NA,NA,NA,NA,NA,NA,NA,NA,NA,NA,NA,NA,NA,NA,NA,NA,NA,NA,NA,NA
610,NA,4,de,1056338601,2019-08-07T21:45:34Z,2019-08-07T21:46:19Z,77.22.233.7,android-app://m.facebook.com,Ja,Ja,Nein,Nein,Ja,Nein,Nein,Ja,,Nein,Ja,Nein,,3,NA,NA,NA,NA,NA,NA,NA,NA,NA,,,,,,,,,,,,,,,,,,,,,,,,,,,N/A,N/A,N/A,,,NA,NA,NA,NA,NA,NA,NA,NA,NA,,,NA,NA,NA,NA,NA,NA,NA,NA,NA,,,,,,,,,,,,,,,,,,,,,,,,,,NA,,NA,,NA,NA,NA,NA,NA,NA,NA,NA,NA,NA,NA,NA,NA,NA,NA,NA,NA,NA,NA,NA,NA,NA,NA,NA,NA,NA,NA,NA,NA,NA,NA,NA,NA,NA,NA,NA,NA,NA,NA,NA,NA,NA,NA,NA,NA,NA,NA,NA,NA,NA,NA,NA,NA,NA,NA,NA,NA,NA,NA,NA,NA,NA,NA,NA,NA,NA,NA,NA,NA,NA,NA,NA,NA,NA,NA,NA,NA,NA,NA,NA,NA,NA,NA,NA
141,2019-08-07T14:02:23Z,25,de,75933655,2019-08-07T13:55:55Z,2019-08-07T14:02:23Z,2.247.253.145,http://m.facebook.com/,Ja,Ja,Nein,Nein,Nein,Nein,Nein,Nein,,Nein,Ja,Nein,,3,NA,NA,NA,NA,NA,NA,NA,NA,NA,stimme eher zu,stimme zu,weder/noch,stimme eher zu,stimme eher zu,stimme eher zu,weder/noch,stimme zu,stimme zu,stimme zu,stimme eher zu,stimme eher zu,stimme eher zu,stimme eher zu,stimme eher zu,stimme eher zu,stimme eher zu,stimme zu,stimme zu,stimme eher zu,stimme zu,stimme eher zu,stimme eher zu,lehne ab,bis zu 20 Minuten,bis zu 20 Kilometer,Nein,Ja,Nein,,etwa 20 Minuten,NA,NA,NA,NA,NA,NA,NA,NA,NA,weder/noch,Ländlicher Raum,NA,NA,NA,NA,NA,NA,NA,NA,NA,eher gut,Nein,,stimme eher zu,stimme eher zu,lehne ab,weder/noch,lehne eher ab,stimme eher zu,lehne ab,weder/noch,weder/noch,lehne eher ab,stimme eher zu,stimme eher zu,stimme eher zu,stimme eher zu,stimme eher zu,weder/noch,weder/noch,stimme eher zu,24119,kleinstädtisch,dezentral (Randlage),weiblich,1993,500 - 1.000 EUR,NA,Ja gerne,NA,NA,NA,NA,NA,NA,NA,NA,NA,NA,NA,NA,NA,NA,NA,NA,NA,NA,NA,NA,NA,NA,NA,NA,NA,NA,NA,NA,NA,NA,NA,NA,NA,NA,NA,NA,NA,NA,NA,NA,NA,NA,NA,NA,NA,NA,NA,NA,NA,NA,NA,NA,NA,NA,NA,NA,NA,NA,NA,NA,NA,NA,NA,NA,NA,NA,NA,NA,NA,NA,NA,NA,NA,NA,NA,NA,NA,NA,NA,NA,NA,NA,NA,NA
659,2019-08-08T05:56:58Z,25,de,1889917884,2019-08-08T05:46:25Z,2019-08-08T05:56:58Z,77.64.203.242,http://m.facebook.com/,Ja,Ja,Nein,Nein,Nein,Ja,Ja,Nein,,Ja,Nein,Nein,,3,NA,NA,NA,NA,NA,NA,NA,NA,NA,stimme voll und ganz zu,stimme voll und ganz zu,stimme zu,stimme zu,stimme voll und ganz zu,stimme zu,stimme eher zu,stimme voll und ganz zu,stimme voll und ganz zu,stimme zu,stimme zu,stimme zu,stimme zu,stimme zu,stimme zu,stimme zu,stimme eher zu,stimme zu,stimme zu,stimme eher zu,stimme zu,stimme voll und ganz zu,stimme zu,lehne eher ab,bis zu 45 Minuten,bis zu 20 Kilometer,Ja,Nein,Nein,,etwa 20 Minuten,NA,NA,NA,NA,NA,NA,NA,NA,NA,weder/noch,Stadtzentrum,NA,NA,NA,NA,NA,NA,NA,NA,NA,eher gut,Nein,,stimme eher zu,stimme eher zu,lehne ab,stimme zu,stimme eher zu,weder/noch,lehne eher ab,lehne eher ab,stimme eher zu,weder/noch,lehne eher ab,lehne eher ab,stimme eher zu,stimme eher zu,lehne ab,lehne voll und ganz ab,lehne voll und ganz ab,lehne ab,06449,kleinstädtisch,dezentral (Randlage),weiblich,1994,1.001 - 2.000 EUR,NA,Ja gerne,NA,NA,NA,NA,NA,NA,NA,NA,NA,NA,NA,NA,NA,NA,NA,NA,NA,NA,NA,NA,NA,NA,NA,NA,NA,NA,NA,NA,NA,NA,NA,NA,NA,NA,NA,NA,NA,NA,NA,NA,NA,NA,NA,NA,NA,NA,NA,NA,NA,NA,NA,NA,NA,NA,NA,NA,NA,NA,NA,NA,NA,NA,NA,NA,NA,NA,NA,NA,NA,NA,NA,NA,NA,NA,NA,NA,NA,NA,NA,NA,NA,NA,NA,NA
322,2019-08-07T15:09:46Z,25,de,624839438,2019-08-07T15:02:11Z,2019-08-07T15:09:46Z,80.132.184.114,https://www.facebook.com/,Nein,Nein,Nein,Nein,Nein,Nein,Nein,Nein,Tierartikel,Ja,Nein,Nein,,3,NA,NA,NA,NA,NA,NA,NA,NA,NA,weder/noch,lehne ab,lehne eher ab,lehne eher ab,lehne voll und ganz ab,lehne voll und ganz ab,lehne voll und ganz ab,lehne eher ab,lehne ab,lehne ab,lehne ab,lehne eher ab,weder/noch,weder/noch,weder/noch,lehne eher ab,lehne eher ab,lehne eher ab,lehne ab,lehne voll und ganz ab,lehne ab,weder/noch,weder/noch,weder/noch,bis zu 20 Minuten,bis zu 5 Kilometer,Ja,Nein,Nein,,etwa 20 Minuten,NA,NA,NA,NA,NA,NA,NA,NA,NA,eher lang,Ländlicher Raum,NA,NA,NA,NA,NA,NA,NA,NA,NA,weder/noch,Nein,,lehne voll und ganz ab,lehne ab,lehne voll und ganz ab,lehne voll und ganz ab,lehne voll und ganz ab,lehne ab,lehne voll und ganz ab,lehne voll und ganz ab,lehne ab,lehne voll und ganz ab,lehne ab,lehne voll und ganz ab,lehne eher ab,lehne voll und ganz ab,lehne voll und ganz ab,lehne voll und ganz ab,lehne voll und ganz ab,lehne voll und ganz ab,,großstädtisch,dezentral (Randlage),weiblich,1986,500 - 1.000 EUR,NA,Nein danke,NA,NA,NA,NA,NA,NA,NA,NA,NA,NA,NA,NA,NA,NA,NA,NA,NA,NA,NA,NA,NA,NA,NA,NA,NA,NA,NA,NA,NA,NA,NA,NA,NA,NA,NA,NA,NA,NA,NA,NA,NA,NA,NA,NA,NA,NA,NA,NA,NA,NA,NA,NA,NA,NA,NA,NA,NA,NA,NA,NA,NA,NA,NA,NA,NA,NA,NA,NA,NA,NA,NA,NA,NA,NA,NA,NA,NA,NA,NA,NA,NA,NA,NA,NA
461,2019-08-07T17:09:59Z,25,de,1953682325,2019-08-07T17:03:37Z,2019-08-07T17:09:59Z,217.149.160.160,https://m.facebook.com/,Ja,Ja,Nein,Ja,Nein,Ja,Ja,Nein,,Nein,Ja,Nein,,3,NA,NA,NA,NA,NA,NA,NA,NA,NA,stimme voll und ganz zu,stimme voll und ganz zu,stimme voll und ganz zu,stimme voll und ganz zu,stimme voll und ganz zu,stimme voll und ganz zu,stimme voll und ganz zu,stimme zu,stimme voll und ganz zu,stimme voll und ganz zu,stimme voll und ganz zu,stimme voll und ganz zu,stimme voll und ganz zu,stimme voll und ganz zu,stimme voll und ganz zu,stimme voll und ganz zu,stimme voll und ganz zu,stimme voll und ganz zu,stimme voll und ganz zu,stimme voll und ganz zu,stimme voll und ganz zu,stimme voll und ganz zu,stimme voll und ganz zu,stimme voll und ganz zu,bis zu 45 Minuten,bis zu 50 Kilometer,Nein,Ja,Nein,,etwa 20 Minuten,NA,NA,NA,NA,NA,NA,NA,NA,NA,eher kurz,Ländlicher Raum,NA,NA,NA,NA,NA,NA,NA,NA,NA,eher schlecht,Nein,,stimme voll und ganz zu,stimme voll und ganz zu,lehne voll und ganz ab,stimme voll und ganz zu,stimme eher zu,weder/noch,lehne ab,stimme eher zu,stimme eher zu,stimme eher zu,stimme voll und ganz zu,stimme voll und ganz zu,stimme voll und ganz zu,stimme voll und ganz zu,weder/noch,weder/noch,weder/noch,weder/noch,,ländlich,abgelegen,weiblich,1995,mehr als 3.000 EUR,NA,Ja gerne,NA,NA,NA,NA,NA,NA,NA,NA,NA,NA,NA,NA,NA,NA,NA,NA,NA,NA,NA,NA,NA,NA,NA,NA,NA,NA,NA,NA,NA,NA,NA,NA,NA,NA,NA,NA,NA,NA,NA,NA,NA,NA,NA,NA,NA,NA,NA,NA,NA,NA,NA,NA,NA,NA,NA,NA,NA,NA,NA,NA,NA,NA,NA,NA,NA,NA,NA,NA,NA,NA,NA,NA,NA,NA,NA,NA,NA,NA,NA,NA,NA,NA,NA,NA
14,2019-07-10T16:56:02Z,25,de,1982868506,2019-07-10T16:43:08Z,2019-07-10T16:56:02Z,86.56.203.65,,Ja,Ja,Nein,Nein,Ja,Ja,Ja,Ja,,Nein,Ja,Ja,,3,NA,NA,NA,NA,NA,NA,NA,NA,NA,lehne eher ab,lehne eher ab,lehne ab,weder/noch,stimme eher zu,lehne ab,stimme eher zu,stimme eher zu,stimme eher zu,lehne ab,lehne eher ab,stimme eher zu,stimme eher zu,lehne eher ab,stimme eher zu,lehne eher ab,weder/noch,lehne eher ab,lehne eher ab,lehne ab,stimme eher zu,stimme eher zu,weder/noch,lehne ab,bis zu 20 Minuten,bis zu 20 Kilometer,Ja,Nein,Nein,,etwa 20 Minuten,NA,NA,NA,NA,NA,NA,NA,NA,NA,eher kurz,Ländlicher Raum,NA,NA,NA,NA,NA,NA,NA,NA,NA,weder/noch,Ja,länger als 12 Monate,stimme zu,stimme zu,lehne ab,lehne ab,stimme eher zu,stimme eher zu,lehne ab,stimme eher zu,stimme zu,weder/noch,lehne eher ab,stimme eher zu,stimme zu,stimme zu,lehne eher ab,weder/noch,stimme eher zu,stimme zu,4020,großstädtisch,zentral,männlich,1995,1.001 - 2.000 EUR,NA,Ja gerne,NA,NA,NA,NA,NA,NA,NA,NA,NA,NA,NA,NA,NA,NA,NA,NA,NA,NA,NA,NA,NA,NA,NA,NA,NA,NA,NA,NA,NA,NA,NA,NA,NA,NA,NA,NA,NA,NA,NA,NA,NA,NA,NA,NA,NA,NA,NA,NA,NA,NA,NA,NA,NA,NA,NA,NA,NA,NA,NA,NA,NA,NA,NA,NA,NA,NA,NA,NA,NA,NA,NA,NA,NA,NA,NA,NA,NA,NA,NA,NA,NA,NA,NA,NA
243,2019-08-07T14:34:41Z,25,de,271309508,2019-08-07T14:26:15Z,2019-08-07T14:34:41Z,2a01:598:b885:5193:8042:28b0:55f4:ddd3,http://m.facebook.com,Ja,Ja,Nein,Nein,Nein,Nein,Ja,Nein,,Nein,Nein,Nein,Sustainable und kreativ,3,NA,NA,NA,NA,NA,NA,NA,NA,NA,weder/noch,stimme eher zu,weder/noch,stimme eher zu,lehne voll und ganz ab,weder/noch,lehne eher ab,stimme eher zu,stimme eher zu,stimme eher zu,stimme zu,stimme zu,stimme zu,weder/noch,weder/noch,stimme zu,weder/noch,stimme zu,stimme zu,lehne eher ab,weder/noch,stimme zu,stimme eher zu,lehne voll und ganz ab,bis zu 20 Minuten,bis zu 5 Kilometer,Ja,Ja,Nein,,etwa 20 Minuten,NA,NA,NA,NA,NA,NA,NA,NA,NA,eher lang,Ländlicher Raum,NA,NA,NA,NA,NA,NA,NA,NA,NA,eher schlecht,Nein,,lehne voll und ganz ab,lehne eher ab,stimme zu,lehne voll und ganz ab,weder/noch,weder/noch,lehne voll und ganz ab,lehne voll und ganz ab,lehne voll und ganz ab,lehne voll und ganz ab,lehne voll und ganz ab,lehne voll und ganz ab,stimme eher zu,lehne voll und ganz ab,lehne eher ab,lehne voll und ganz ab,lehne voll und ganz ab,stimme eher zu,,kleinstädtisch,zentral,weiblich,1993,500 - 1.000 EUR,NA,Nein danke,NA,NA,NA,NA,NA,NA,NA,NA,NA,NA,NA,NA,NA,NA,NA,NA,NA,NA,NA,NA,NA,NA,NA,NA,NA,NA,NA,NA,NA,NA,NA,NA,NA,NA,NA,NA,NA,NA,NA,NA,NA,NA,NA,NA,NA,NA,NA,NA,NA,NA,NA,NA,NA,NA,NA,NA,NA,NA,NA,NA,NA,NA,NA,NA,NA,NA,NA,NA,NA,NA,NA,NA,NA,NA,NA,NA,NA,NA,NA,NA,NA,NA,NA,NA
353,2019-08-07T15:35:58Z,25,de,1760301357,2019-08-07T15:27:44Z,2019-08-07T15:35:58Z,2001:16b8:f26:7900:fd88:b237:14c4:ee87,http://m.facebook.com/,Ja,Nein,Nein,Nein,Nein,Nein,Nein,Nein,,Nein,Ja,Nein,,3,NA,NA,NA,NA,NA,NA,NA,NA,NA,stimme zu,stimme zu,stimme zu,stimme zu,stimme voll und ganz zu,stimme zu,stimme eher zu,stimme zu,stimme eher zu,stimme eher zu,stimme zu,stimme zu,stimme zu,stimme zu,stimme zu,stimme eher zu,stimme eher zu,stimme zu,stimme zu,stimme eher zu,stimme zu,stimme zu,stimme eher zu,stimme zu,bis zu 45 Minuten,bis zu 50 Kilometer,Nein,Ja,Nein,,etwa 45 Minuten,NA,NA,NA,NA,NA,NA,NA,NA,NA,eher lang,Ländlicher Raum,NA,NA,NA,NA,NA,NA,NA,NA,NA,eher schlecht,Nein,,stimme eher zu,stimme eher zu,lehne eher ab,stimme eher zu,weder/noch,lehne eher ab,weder/noch,weder/noch,stimme eher zu,weder/noch,stimme eher zu,stimme eher zu,stimme eher zu,stimme eher zu,stimme zu,weder/noch,stimme zu,stimme voll und ganz zu,47623,kleinstädtisch,zentral,weiblich,1994,2.001 - 3.000 EUR,NA,Ja gerne,NA,NA,NA,NA,NA,NA,NA,NA,NA,NA,NA,NA,NA,NA,NA,NA,NA,NA,NA,NA,NA,NA,NA,NA,NA,NA,NA,NA,NA,NA,NA,NA,NA,NA,NA,NA,NA,NA,NA,NA,NA,NA,NA,NA,NA,NA,NA,NA,NA,NA,NA,NA,NA,NA,NA,NA,NA,NA,NA,NA,NA,NA,NA,NA,NA,NA,NA,NA,NA,NA,NA,NA,NA,NA,NA,NA,NA,NA,NA,NA,NA,NA,NA,NA
623,2019-08-07T22:25:16Z,25,de,2145402266,2019-08-07T22:18:05Z,2019-08-07T22:25:16Z,2003:5c:a917:8340:31e9:cf03:c88a:36b8,http://m.facebook.com,Ja,Ja,Nein,Nein,Ja,Nein,Nein,Nein,,Nein,Ja,Nein,,3,NA,NA,NA,NA,NA,NA,NA,NA,NA,stimme eher zu,stimme zu,stimme eher zu,stimme voll und ganz zu,stimme eher zu,lehne eher ab,stimme eher zu,stimme zu,stimme voll und ganz zu,stimme voll und ganz zu,stimme eher zu,stimme eher zu,stimme eher zu,weder/noch,stimme eher zu,stimme eher zu,weder/noch,stimme zu,stimme zu,lehne eher ab,stimme eher zu,stimme voll und ganz zu,weder/noch,lehne ab,bis zu 45 Minuten,bis zu 20 Kilometer,Ja,Nein,Nein,,etwa 20 Minuten,NA,NA,NA,NA,NA,NA,NA,NA,NA,eher lang,Ländlicher Raum,NA,NA,NA,NA,NA,NA,NA,NA,NA,eher schlecht,Ja,weniger als 3 Monate,stimme eher zu,stimme eher zu,lehne eher ab,lehne eher ab,lehne eher ab,lehne eher ab,lehne eher ab,stimme eher zu,stimme zu,weder/noch,weder/noch,stimme eher zu,stimme eher zu,stimme zu,stimme zu,stimme zu,stimme eher zu,stimme zu,24105,großstädtisch,zentral,weiblich,1997,500 - 1.000 EUR,NA,Ja gerne,NA,NA,NA,NA,NA,NA,NA,NA,NA,NA,NA,NA,NA,NA,NA,NA,NA,NA,NA,NA,NA,NA,NA,NA,NA,NA,NA,NA,NA,NA,NA,NA,NA,NA,NA,NA,NA,NA,NA,NA,NA,NA,NA,NA,NA,NA,NA,NA,NA,NA,NA,NA,NA,NA,NA,NA,NA,NA,NA,NA,NA,NA,NA,NA,NA,NA,NA,NA,NA,NA,NA,NA,NA,NA,NA,NA,NA,NA,NA,NA,NA,NA,NA,NA
540,2019-08-07T19:29:08Z,25,de,1392425481,2019-08-07T19:21:30Z,2019-08-07T19:29:08Z,46.128.144.142,http://m.facebook.com/,Ja,Ja,Nein,Ja,Nein,Nein,Ja,Ja,,Nein,Ja,Nein,,3,NA,NA,NA,NA,NA,NA,NA,NA,NA,stimme zu,stimme voll und ganz zu,stimme eher zu,stimme voll und ganz zu,stimme voll und ganz zu,stimme voll und ganz zu,stimme eher zu,stimme zu,stimme voll und ganz zu,stimme eher zu,stimme zu,stimme eher zu,stimme zu,stimme zu,stimme eher zu,stimme eher zu,stimme voll und ganz zu,stimme voll und ganz zu,stimme eher zu,lehne eher ab,stimme zu,stimme zu,stimme zu,lehne ab,bis zu 20 Minuten,bis zu 50 Kilometer,Ja,Nein,Nein,,etwa 20 Minuten,NA,NA,NA,NA,NA,NA,NA,NA,NA,weder/noch,Ländlicher Raum,NA,NA,NA,NA,NA,NA,NA,NA,NA,eher schlecht,Nein,,lehne ab,lehne ab,lehne voll und ganz ab,lehne voll und ganz ab,stimme eher zu,lehne voll und ganz ab,lehne voll und ganz ab,stimme eher zu,stimme eher zu,lehne eher ab,lehne ab,stimme eher zu,stimme eher zu,stimme eher zu,lehne eher ab,lehne voll und ganz ab,lehne voll und ganz ab,lehne voll und ganz ab,24211 ,ländlich,dezentral (Randlage),weiblich,1984,500 - 1.000 EUR,NA,Ja gerne,NA,NA,NA,NA,NA,NA,NA,NA,NA,NA,NA,NA,NA,NA,NA,NA,NA,NA,NA,NA,NA,NA,NA,NA,NA,NA,NA,NA,NA,NA,NA,NA,NA,NA,NA,NA,NA,NA,NA,NA,NA,NA,NA,NA,NA,NA,NA,NA,NA,NA,NA,NA,NA,NA,NA,NA,NA,NA,NA,NA,NA,NA,NA,NA,NA,NA,NA,NA,NA,NA,NA,NA,NA,NA,NA,NA,NA,NA,NA,NA,NA,NA,NA,NA
599,NA,5,de,207543731,2019-08-07T21:21:11Z,2019-08-07T21:22:44Z,80.187.106.181,http://m.facebook.com,Ja,Nein,Ja,Nein,Nein,Nein,Ja,Nein,,Nein,Ja,Nein,,3,NA,NA,NA,NA,NA,NA,NA,NA,NA,stimme eher zu,stimme zu,weder/noch,weder/noch,stimme voll und ganz zu,stimme voll und ganz zu,stimme zu,,,,,,,,,,,,,,,,,,,,N/A,N/A,N/A,,,NA,NA,NA,NA,NA,NA,NA,NA,NA,,,NA,NA,NA,NA,NA,NA,NA,NA,NA,,,,,,,,,,,,,,,,,,,,,,,,,,NA,,NA,,NA,NA,NA,NA,NA,NA,NA,NA,NA,NA,NA,NA,NA,NA,NA,NA,NA,NA,NA,NA,NA,NA,NA,NA,NA,NA,NA,NA,NA,NA,NA,NA,NA,NA,NA,NA,NA,NA,NA,NA,NA,NA,NA,NA,NA,NA,NA,NA,NA,NA,NA,NA,NA,NA,NA,NA,NA,NA,NA,NA,NA,NA,NA,NA,NA,NA,NA,NA,NA,NA,NA,NA,NA,NA,NA,NA,NA,NA,NA,NA,NA,NA,NA,NA
230,NA,19,de,1486855179,2019-08-07T14:22:58Z,2019-08-07T14:29:36Z,77.21.179.47,http://m.facebook.com/,Ja,Nein,Nein,Nein,Nein,Nein,Nein,Nein,,Nein,Ja,Nein,,3,NA,NA,NA,NA,NA,NA,NA,NA,NA,stimme zu,stimme voll und ganz zu,stimme eher zu,weder/noch,stimme voll und ganz zu,stimme voll und ganz zu,stimme eher zu,stimme voll und ganz zu,stimme voll und ganz zu,stimme eher zu,stimme zu,stimme eher zu,stimme zu,stimme eher zu,stimme zu,stimme voll und ganz zu,stimme eher zu,stimme voll und ganz zu,stimme voll und ganz zu,stimme eher zu,stimme zu,stimme voll und ganz zu,stimme voll und ganz zu,stimme eher zu,bis zu 45 Minuten,bis zu 50 Kilometer,Ja,Nein,Nein,,etwa 20 Minuten,NA,NA,NA,NA,NA,NA,NA,NA,NA,weder/noch,Stadtzentrum,NA,NA,NA,NA,NA,NA,NA,NA,NA,sehr gut,Nein,,stimme voll und ganz zu,stimme voll und ganz zu,stimme voll und ganz zu,stimme eher zu,stimme zu,stimme zu,stimme eher zu,stimme zu,stimme voll und ganz zu,stimme zu,,,,,,,,,,,,,NA,,NA,,NA,NA,NA,NA,NA,NA,NA,NA,NA,NA,NA,NA,NA,NA,NA,NA,NA,NA,NA,NA,NA,NA,NA,NA,NA,NA,NA,NA,NA,NA,NA,NA,NA,NA,NA,NA,NA,NA,NA,NA,NA,NA,NA,NA,NA,NA,NA,NA,NA,NA,NA,NA,NA,NA,NA,NA,NA,NA,NA,NA,NA,NA,NA,NA,NA,NA,NA,NA,NA,NA,NA,NA,NA,NA,NA,NA,NA,NA,NA,NA,NA,NA,NA,NA
733,2019-10-07T16:06:37Z,25,de,1012769157,2019-10-07T15:49:06Z,2019-10-07T16:06:37Z,109.41.65.165,,Ja,Ja,Ja,Nein,Nein,Nein,Nein,Nein,,Ja,Nein,Ja,,3,NA,NA,NA,NA,NA,NA,NA,NA,NA,stimme eher zu,stimme eher zu,stimme eher zu,stimme eher zu,stimme eher zu,stimme eher zu,stimme eher zu,stimme eher zu,stimme eher zu,stimme eher zu,stimme eher zu,stimme eher zu,stimme eher zu,stimme eher zu,stimme eher zu,stimme voll und ganz zu,stimme zu,stimme zu,stimme zu,stimme zu,stimme eher zu,stimme zu,weder/noch,lehne eher ab,bis zu 45 Minuten,bis zu 20 Kilometer,Ja,Ja,Nein,,etwa 20 Minuten,NA,NA,NA,NA,NA,NA,NA,NA,NA,weder/noch,Ländlicher Raum,NA,NA,NA,NA,NA,NA,NA,NA,NA,weder/noch,Nein,,lehne voll und ganz ab,weder/noch,weder/noch,weder/noch,stimme zu,weder/noch,weder/noch,weder/noch,weder/noch,weder/noch,weder/noch,stimme eher zu,stimme eher zu,weder/noch,lehne ab,lehne eher ab,lehne eher ab,weder/noch,,großstädtisch,dezentral (Randlage),weiblich,1959,weiß ich nicht,NA,Ja gerne,NA,NA,NA,NA,NA,NA,NA,NA,NA,NA,NA,NA,NA,NA,NA,NA,NA,NA,NA,NA,NA,NA,NA,NA,NA,NA,NA,NA,NA,NA,NA,NA,NA,NA,NA,NA,NA,NA,NA,NA,NA,NA,NA,NA,NA,NA,NA,NA,NA,NA,NA,NA,NA,NA,NA,NA,NA,NA,NA,NA,NA,NA,NA,NA,NA,NA,NA,NA,NA,NA,NA,NA,NA,NA,NA,NA,NA,NA,NA,NA,NA,NA,NA,NA
138,2019-08-07T14:02:44Z,25,de,760054882,2019-08-07T13:54:32Z,2019-08-07T14:02:44Z,134.245.98.145,http://m.facebook.com,Ja,Ja,Nein,Nein,Nein,Nein,Nein,Nein,,Nein,Ja,Nein,,3,NA,NA,NA,NA,NA,NA,NA,NA,NA,lehne eher ab,weder/noch,stimme eher zu,weder/noch,stimme eher zu,stimme eher zu,stimme eher zu,stimme eher zu,lehne eher ab,weder/noch,stimme zu,stimme eher zu,stimme eher zu,weder/noch,weder/noch,stimme eher zu,weder/noch,stimme eher zu,weder/noch,lehne eher ab,weder/noch,stimme eher zu,stimme eher zu,lehne ab,bis zu 60 Minuten,über 50 Kilometer,Ja,Nein,Nein,,etwa 20 Minuten,NA,NA,NA,NA,NA,NA,NA,NA,NA,weder/noch,Ländlicher Raum,NA,NA,NA,NA,NA,NA,NA,NA,NA,eher schlecht,Nein,,lehne eher ab,lehne eher ab,lehne eher ab,lehne eher ab,weder/noch,lehne ab,lehne ab,lehne eher ab,weder/noch,lehne eher ab,stimme eher zu,stimme eher zu,stimme eher zu,stimme zu,stimme eher zu,weder/noch,stimme eher zu,stimme eher zu,24106,kleinstädtisch,dezentral (Randlage),weiblich,1995,bis 500 EUR,NA,Nein danke,NA,NA,NA,NA,NA,NA,NA,NA,NA,NA,NA,NA,NA,NA,NA,NA,NA,NA,NA,NA,NA,NA,NA,NA,NA,NA,NA,NA,NA,NA,NA,NA,NA,NA,NA,NA,NA,NA,NA,NA,NA,NA,NA,NA,NA,NA,NA,NA,NA,NA,NA,NA,NA,NA,NA,NA,NA,NA,NA,NA,NA,NA,NA,NA,NA,NA,NA,NA,NA,NA,NA,NA,NA,NA,NA,NA,NA,NA,NA,NA,NA,NA,NA,NA
373,2019-08-07T15:45:52Z,25,de,380654703,2019-08-07T15:40:54Z,2019-08-07T15:45:52Z,207.89.72.46,http://m.facebook.com/,Nein,Nein,Nein,Ja,Nein,Nein,Ja,Ja,,Ja,Ja,Nein,,3,NA,NA,NA,NA,NA,NA,NA,NA,NA,lehne eher ab,stimme eher zu,stimme eher zu,stimme zu,lehne eher ab,lehne ab,lehne ab,stimme zu,stimme zu,stimme eher zu,stimme eher zu,lehne eher ab,weder/noch,weder/noch,weder/noch,stimme eher zu,lehne ab,stimme zu,weder/noch,lehne eher ab,weder/noch,stimme eher zu,weder/noch,lehne voll und ganz ab,bis zu 20 Minuten,bis zu 5 Kilometer,Nein,Ja,Nein,,etwa 20 Minuten,NA,NA,NA,NA,NA,NA,NA,NA,NA,weder/noch,weiß ich nicht mehr,NA,NA,NA,NA,NA,NA,NA,NA,NA,weder/noch,Nein,,lehne ab,lehne ab,lehne ab,lehne ab,lehne ab,lehne ab,lehne ab,stimme eher zu,stimme eher zu,lehne eher ab,stimme eher zu,lehne ab,stimme eher zu,stimme eher zu,lehne ab,lehne voll und ganz ab,lehne ab,lehne ab,24106,großstädtisch,zentral,männlich,1993,500 - 1.000 EUR,NA,Nein danke,NA,NA,NA,NA,NA,NA,NA,NA,NA,NA,NA,NA,NA,NA,NA,NA,NA,NA,NA,NA,NA,NA,NA,NA,NA,NA,NA,NA,NA,NA,NA,NA,NA,NA,NA,NA,NA,NA,NA,NA,NA,NA,NA,NA,NA,NA,NA,NA,NA,NA,NA,NA,NA,NA,NA,NA,NA,NA,NA,NA,NA,NA,NA,NA,NA,NA,NA,NA,NA,NA,NA,NA,NA,NA,NA,NA,NA,NA,NA,NA,NA,NA,NA,NA
260,2019-08-07T14:37:54Z,25,de,473459219,2019-08-07T14:32:03Z,2019-08-07T14:37:54Z,86.103.173.232,https://l.facebook.com/,Ja,Nein,Nein,Nein,Nein,Ja,Ja,Ja,,Nein,Ja,Nein,,3,NA,NA,NA,NA,NA,NA,NA,NA,NA,stimme zu,stimme zu,stimme zu,stimme zu,stimme voll und ganz zu,stimme zu,stimme eher zu,stimme voll und ganz zu,stimme voll und ganz zu,stimme voll und ganz zu,stimme voll und ganz zu,stimme zu,stimme voll und ganz zu,stimme eher zu,stimme zu,stimme zu,weder/noch,stimme zu,stimme voll und ganz zu,weder/noch,stimme eher zu,stimme voll und ganz zu,stimme eher zu,lehne eher ab,bis zu 45 Minuten,bis zu 20 Kilometer,Ja,Ja,Nein,,etwa 20 Minuten,NA,NA,NA,NA,NA,NA,NA,NA,NA,eher kurz,Ländlicher Raum,NA,NA,NA,NA,NA,NA,NA,NA,NA,eher schlecht,Nein,,stimme eher zu,stimme zu,weder/noch,lehne voll und ganz ab,lehne eher ab,lehne ab,lehne ab,lehne ab,weder/noch,lehne ab,weder/noch,stimme eher zu,stimme zu,stimme eher zu,lehne voll und ganz ab,lehne voll und ganz ab,lehne voll und ganz ab,weder/noch,24103,großstädtisch,zentral,weiblich,1990,500 - 1.000 EUR,NA,Nein danke,NA,NA,NA,NA,NA,NA,NA,NA,NA,NA,NA,NA,NA,NA,NA,NA,NA,NA,NA,NA,NA,NA,NA,NA,NA,NA,NA,NA,NA,NA,NA,NA,NA,NA,NA,NA,NA,NA,NA,NA,NA,NA,NA,NA,NA,NA,NA,NA,NA,NA,NA,NA,NA,NA,NA,NA,NA,NA,NA,NA,NA,NA,NA,NA,NA,NA,NA,NA,NA,NA,NA,NA,NA,NA,NA,NA,NA,NA,NA,NA,NA,NA,NA,NA
203,2019-08-07T14:19:19Z,25,de,1049978877,2019-08-07T14:12:32Z,2019-08-07T14:19:19Z,2a02:8108:7c0:ff6:d1e8:91ce:1f69:303c,https://m.facebook.com/,Nein,Nein,Nein,Nein,Nein,Ja,Ja,Ja,,Ja,Nein,Nein,,3,NA,NA,NA,NA,NA,NA,NA,NA,NA,stimme eher zu,stimme eher zu,weder/noch,stimme zu,stimme zu,stimme eher zu,stimme eher zu,stimme zu,stimme zu,stimme zu,stimme eher zu,stimme eher zu,stimme zu,stimme eher zu,stimme zu,stimme eher zu,weder/noch,stimme eher zu,stimme eher zu,weder/noch,stimme zu,stimme eher zu,stimme eher zu,lehne eher ab,bis zu 45 Minuten,bis zu 20 Kilometer,Ja,Nein,Nein,,etwa 20 Minuten,NA,NA,NA,NA,NA,NA,NA,NA,NA,eher kurz,Ländlicher Raum,NA,NA,NA,NA,NA,NA,NA,NA,NA,weder/noch,Nein,,lehne ab,lehne eher ab,lehne voll und ganz ab,lehne voll und ganz ab,lehne eher ab,weder/noch,weder/noch,lehne eher ab,lehne eher ab,lehne eher ab,lehne voll und ganz ab,lehne voll und ganz ab,stimme eher zu,lehne voll und ganz ab,lehne voll und ganz ab,lehne voll und ganz ab,lehne voll und ganz ab,lehne voll und ganz ab,24113,großstädtisch,dezentral (Randlage),männlich,1994,500 - 1.000 EUR,NA,Nein danke,NA,NA,NA,NA,NA,NA,NA,NA,NA,NA,NA,NA,NA,NA,NA,NA,NA,NA,NA,NA,NA,NA,NA,NA,NA,NA,NA,NA,NA,NA,NA,NA,NA,NA,NA,NA,NA,NA,NA,NA,NA,NA,NA,NA,NA,NA,NA,NA,NA,NA,NA,NA,NA,NA,NA,NA,NA,NA,NA,NA,NA,NA,NA,NA,NA,NA,NA,NA,NA,NA,NA,NA,NA,NA,NA,NA,NA,NA,NA,NA,NA,NA,NA,NA
557,2019-08-07T19:57:34Z,25,de,806636440,2019-08-07T19:45:03Z,2019-08-07T19:57:34Z,2a01:c22:8c40:a800:e1df:88f4:4a5f:aa24,https://m.facebook.com/,Nein,Nein,Nein,Ja,Nein,Nein,Ja,Nein,,Nein,Ja,Nein,,3,NA,NA,NA,NA,NA,NA,NA,NA,NA,lehne eher ab,lehne eher ab,lehne eher ab,stimme eher zu,stimme eher zu,stimme eher zu,lehne eher ab,weder/noch,lehne eher ab,lehne eher ab,lehne eher ab,weder/noch,lehne eher ab,stimme eher zu,stimme eher zu,lehne eher ab,stimme eher zu,lehne eher ab,lehne eher ab,lehne eher ab,lehne eher ab,lehne eher ab,weder/noch,lehne ab,bis zu 20 Minuten,bis zu 5 Kilometer,Ja,Nein,Nein,,etwa 20 Minuten,NA,NA,NA,NA,NA,NA,NA,NA,NA,eher lang,Ländlicher Raum,NA,NA,NA,NA,NA,NA,NA,NA,NA,sehr schlecht,Nein,,lehne ab,lehne eher ab,lehne ab,lehne eher ab,weder/noch,stimme zu,lehne voll und ganz ab,lehne eher ab,stimme eher zu,weder/noch,lehne ab,lehne ab,lehne eher ab,weder/noch,lehne voll und ganz ab,lehne voll und ganz ab,lehne ab,lehne eher ab,24118,großstädtisch,zentral,männlich,1994,1.001 - 2.000 EUR,NA,Nein danke,NA,NA,NA,NA,NA,NA,NA,NA,NA,NA,NA,NA,NA,NA,NA,NA,NA,NA,NA,NA,NA,NA,NA,NA,NA,NA,NA,NA,NA,NA,NA,NA,NA,NA,NA,NA,NA,NA,NA,NA,NA,NA,NA,NA,NA,NA,NA,NA,NA,NA,NA,NA,NA,NA,NA,NA,NA,NA,NA,NA,NA,NA,NA,NA,NA,NA,NA,NA,NA,NA,NA,NA,NA,NA,NA,NA,NA,NA,NA,NA,NA,NA,NA,NA
615,2019-08-07T22:08:58Z,25,de,466239727,2019-08-07T22:00:03Z,2019-08-07T22:08:58Z,93.236.194.33,http://m.facebook.com,Ja,Ja,Nein,Nein,Nein,Nein,Ja,Nein,,Nein,Ja,Nein,,3,NA,NA,NA,NA,NA,NA,NA,NA,NA,stimme eher zu,stimme eher zu,stimme zu,stimme zu,stimme zu,stimme zu,stimme zu,stimme zu,stimme zu,stimme voll und ganz zu,stimme eher zu,stimme zu,stimme zu,stimme zu,stimme zu,stimme zu,stimme eher zu,stimme zu,stimme eher zu,stimme eher zu,stimme zu,stimme zu,stimme eher zu,weder/noch,bis zu 45 Minuten,bis zu 50 Kilometer,Ja,Nein,Ja,,etwa 20 Minuten,NA,NA,NA,NA,NA,NA,NA,NA,NA,weder/noch,Ländlicher Raum,NA,NA,NA,NA,NA,NA,NA,NA,NA,weder/noch,Ja,weniger als 3 Monate,stimme eher zu,stimme eher zu,weder/noch,weder/noch,weder/noch,weder/noch,weder/noch,weder/noch,weder/noch,weder/noch,weder/noch,weder/noch,stimme eher zu,weder/noch,lehne eher ab,lehne eher ab,lehne eher ab,weder/noch,,kleinstädtisch,dezentral (Randlage),weiblich,1979,weiß ich nicht,NA,Nein danke,NA,NA,NA,NA,NA,NA,NA,NA,NA,NA,NA,NA,NA,NA,NA,NA,NA,NA,NA,NA,NA,NA,NA,NA,NA,NA,NA,NA,NA,NA,NA,NA,NA,NA,NA,NA,NA,NA,NA,NA,NA,NA,NA,NA,NA,NA,NA,NA,NA,NA,NA,NA,NA,NA,NA,NA,NA,NA,NA,NA,NA,NA,NA,NA,NA,NA,NA,NA,NA,NA,NA,NA,NA,NA,NA,NA,NA,NA,NA,NA,NA,NA,NA,NA
735,2019-10-07T21:55:36Z,25,de,1532870616,2019-10-07T21:42:27Z,2019-10-07T21:55:36Z,95.114.45.197,,Ja,Nein,Nein,Ja,Nein,Nein,Ja,Nein,,Nein,Nein,Ja,,3,NA,NA,NA,NA,NA,NA,NA,NA,NA,stimme zu,stimme eher zu,stimme zu,stimme eher zu,stimme voll und ganz zu,stimme eher zu,stimme eher zu,stimme zu,stimme zu,stimme eher zu,stimme zu,stimme zu,stimme eher zu,weder/noch,stimme eher zu,stimme zu,weder/noch,stimme zu,stimme zu,lehne eher ab,stimme voll und ganz zu,stimme zu,stimme eher zu,lehne voll und ganz ab,bis zu 45 Minuten,bis zu 50 Kilometer,Ja,Nein,Ja,Gewerbegebiet ,etwa 20 Minuten,NA,NA,NA,NA,NA,NA,NA,NA,NA,eher kurz,Ländlicher Raum,NA,NA,NA,NA,NA,NA,NA,NA,NA,eher gut,Ja,länger als 12 Monate,stimme eher zu,stimme zu,lehne ab,stimme eher zu,stimme eher zu,lehne ab,lehne ab,stimme zu,stimme eher zu,stimme eher zu,stimme eher zu,stimme zu,stimme voll und ganz zu,stimme zu,stimme zu,stimme zu,stimme voll und ganz zu,stimme zu,83115,ländlich,abgelegen,männlich,1999,mehr als 3.000 EUR,NA,Ja gerne,NA,NA,NA,NA,NA,NA,NA,NA,NA,NA,NA,NA,NA,NA,NA,NA,NA,NA,NA,NA,NA,NA,NA,NA,NA,NA,NA,NA,NA,NA,NA,NA,NA,NA,NA,NA,NA,NA,NA,NA,NA,NA,NA,NA,NA,NA,NA,NA,NA,NA,NA,NA,NA,NA,NA,NA,NA,NA,NA,NA,NA,NA,NA,NA,NA,NA,NA,NA,NA,NA,NA,NA,NA,NA,NA,NA,NA,NA,NA,NA,NA,NA,NA,NA
121,NA,5,de,792679078,2019-08-07T13:37:07Z,2019-08-07T13:38:23Z,2a02:810d:8fc0:4be2:7cb2:d295:6959:e3c4,http://m.facebook.com/,Ja,Nein,Ja,Nein,Nein,Nein,Nein,Nein,,Nein,Ja,Nein,,3,NA,NA,NA,NA,NA,NA,NA,NA,NA,lehne eher ab,lehne eher ab,weder/noch,lehne ab,weder/noch,weder/noch,weder/noch,,,,,,,,,,,,,,,,,,,,N/A,N/A,N/A,,,NA,NA,NA,NA,NA,NA,NA,NA,NA,,,NA,NA,NA,NA,NA,NA,NA,NA,NA,,,,,,,,,,,,,,,,,,,,,,,,,,NA,,NA,,NA,NA,NA,NA,NA,NA,NA,NA,NA,NA,NA,NA,NA,NA,NA,NA,NA,NA,NA,NA,NA,NA,NA,NA,NA,NA,NA,NA,NA,NA,NA,NA,NA,NA,NA,NA,NA,NA,NA,NA,NA,NA,NA,NA,NA,NA,NA,NA,NA,NA,NA,NA,NA,NA,NA,NA,NA,NA,NA,NA,NA,NA,NA,NA,NA,NA,NA,NA,NA,NA,NA,NA,NA,NA,NA,NA,NA,NA,NA,NA,NA,NA,NA,NA
541,NA,6,de,1018306150,2019-08-07T19:22:06Z,2019-08-07T19:24:18Z,2001:16b8:67a9:c400:681a:aaa5:e46b:41e2,http://m.facebook.com/,Ja,Ja,Nein,Nein,Nein,Nein,Nein,Ja,,Nein,Ja,Nein,,3,NA,NA,NA,NA,NA,NA,NA,NA,NA,stimme zu,weder/noch,stimme eher zu,stimme zu,weder/noch,weder/noch,weder/noch,stimme eher zu,stimme eher zu,stimme eher zu,,,,,,,,,,,,,,,,,N/A,N/A,N/A,,,NA,NA,NA,NA,NA,NA,NA,NA,NA,,,NA,NA,NA,NA,NA,NA,NA,NA,NA,,,,,,,,,,,,,,,,,,,,,,,,,,NA,,NA,,NA,NA,NA,NA,NA,NA,NA,NA,NA,NA,NA,NA,NA,NA,NA,NA,NA,NA,NA,NA,NA,NA,NA,NA,NA,NA,NA,NA,NA,NA,NA,NA,NA,NA,NA,NA,NA,NA,NA,NA,NA,NA,NA,NA,NA,NA,NA,NA,NA,NA,NA,NA,NA,NA,NA,NA,NA,NA,NA,NA,NA,NA,NA,NA,NA,NA,NA,NA,NA,NA,NA,NA,NA,NA,NA,NA,NA,NA,NA,NA,NA,NA,NA,NA
368,NA,5,de,974317673,2019-08-07T15:38:07Z,2019-08-07T15:39:33Z,2a02:8108:1c0:4514:b8d6:e39:8b77:b88d,http://m.facebook.com/,Ja,Nein,Nein,Nein,Nein,Nein,Ja,Nein,,Nein,Ja,Nein,,3,NA,NA,NA,NA,NA,NA,NA,NA,NA,stimme eher zu,weder/noch,weder/noch,weder/noch,stimme eher zu,weder/noch,weder/noch,,,,,,,,,,,,,,,,,,,,N/A,N/A,N/A,,,NA,NA,NA,NA,NA,NA,NA,NA,NA,,,NA,NA,NA,NA,NA,NA,NA,NA,NA,,,,,,,,,,,,,,,,,,,,,,,,,,NA,,NA,,NA,NA,NA,NA,NA,NA,NA,NA,NA,NA,NA,NA,NA,NA,NA,NA,NA,NA,NA,NA,NA,NA,NA,NA,NA,NA,NA,NA,NA,NA,NA,NA,NA,NA,NA,NA,NA,NA,NA,NA,NA,NA,NA,NA,NA,NA,NA,NA,NA,NA,NA,NA,NA,NA,NA,NA,NA,NA,NA,NA,NA,NA,NA,NA,NA,NA,NA,NA,NA,NA,NA,NA,NA,NA,NA,NA,NA,NA,NA,NA,NA,NA,NA,NA
5,NA,22,de,1387669134,2019-07-09T08:26:49Z,2019-07-09T09:02:33Z,90.146.9.158,,Ja,Ja,Nein,Nein,Nein,Nein,Ja,Ja,,Nein,Ja,Nein,,3,NA,NA,NA,NA,NA,NA,NA,NA,NA,stimme eher zu,stimme eher zu,stimme zu,stimme eher zu,stimme eher zu,stimme zu,stimme zu,stimme eher zu,stimme voll und ganz zu,stimme zu,stimme voll und ganz zu,stimme zu,stimme zu,stimme eher zu,stimme zu,stimme voll und ganz zu,stimme zu,stimme voll und ganz zu,stimme zu,weder/noch,stimme eher zu,stimme eher zu,weder/noch,lehne eher ab,bis zu 20 Minuten,bis zu 5 Kilometer,Nein,Ja,Nein,,etwa 20 Minuten,NA,NA,NA,NA,NA,NA,NA,NA,NA,weder/noch,Ländlicher Raum,NA,NA,NA,NA,NA,NA,NA,NA,NA,weder/noch,Nein,,lehne eher ab,weder/noch,lehne ab,lehne eher ab,stimme eher zu,lehne voll und ganz ab,lehne ab,lehne eher ab,lehne eher ab,lehne ab,stimme zu,stimme zu,stimme eher zu,weder/noch,stimme zu,weder/noch,stimme eher zu,stimme eher zu,4490,ländlich,abgelegen,,NA,,NA,,NA,NA,NA,NA,NA,NA,NA,NA,NA,NA,NA,NA,NA,NA,NA,NA,NA,NA,NA,NA,NA,NA,NA,NA,NA,NA,NA,NA,NA,NA,NA,NA,NA,NA,NA,NA,NA,NA,NA,NA,NA,NA,NA,NA,NA,NA,NA,NA,NA,NA,NA,NA,NA,NA,NA,NA,NA,NA,NA,NA,NA,NA,NA,NA,NA,NA,NA,NA,NA,NA,NA,NA,NA,NA,NA,NA,NA,NA,NA,NA,NA,NA,NA,NA
144,2019-08-07T14:05:59Z,25,de,519865607,2019-08-07T13:57:25Z,2019-08-07T14:05:59Z,2a02:8108:7c0:3676:e9b4:9d4f:20db:4fb1,http://m.facebook.com/,Ja,Nein,Nein,Nein,Ja,Nein,Ja,Nein,,Ja,Nein,Nein,,3,NA,NA,NA,NA,NA,NA,NA,NA,NA,stimme zu,stimme zu,stimme zu,stimme eher zu,stimme zu,stimme eher zu,stimme zu,stimme voll und ganz zu,stimme voll und ganz zu,stimme voll und ganz zu,stimme zu,stimme zu,stimme zu,stimme eher zu,stimme zu,stimme zu,stimme eher zu,stimme zu,stimme zu,stimme eher zu,stimme voll und ganz zu,stimme eher zu,stimme eher zu,lehne ab,bis zu 20 Minuten,bis zu 20 Kilometer,Nein,Ja,Ja,,etwa 20 Minuten,NA,NA,NA,NA,NA,NA,NA,NA,NA,weder/noch,Ländlicher Raum,NA,NA,NA,NA,NA,NA,NA,NA,NA,eher schlecht,Nein,,lehne eher ab,weder/noch,lehne ab,lehne voll und ganz ab,stimme eher zu,lehne voll und ganz ab,lehne voll und ganz ab,lehne voll und ganz ab,weder/noch,lehne ab,lehne ab,lehne eher ab,lehne eher ab,weder/noch,lehne ab,lehne voll und ganz ab,lehne ab,weder/noch,24143,kleinstädtisch,zentral,weiblich,1991,500 - 1.000 EUR,NA,Nein danke,NA,NA,NA,NA,NA,NA,NA,NA,NA,NA,NA,NA,NA,NA,NA,NA,NA,NA,NA,NA,NA,NA,NA,NA,NA,NA,NA,NA,NA,NA,NA,NA,NA,NA,NA,NA,NA,NA,NA,NA,NA,NA,NA,NA,NA,NA,NA,NA,NA,NA,NA,NA,NA,NA,NA,NA,NA,NA,NA,NA,NA,NA,NA,NA,NA,NA,NA,NA,NA,NA,NA,NA,NA,NA,NA,NA,NA,NA,NA,NA,NA,NA,NA,NA
186,2019-08-07T14:14:17Z,25,de,973159906,2019-08-07T14:09:05Z,2019-08-07T14:14:17Z,77.8.36.18,http://m.facebook.com/,Nein,Nein,Nein,Ja,Nein,Nein,Ja,Nein,,Nein,Ja,Nein,,3,NA,NA,NA,NA,NA,NA,NA,NA,NA,weder/noch,weder/noch,weder/noch,stimme eher zu,stimme eher zu,lehne eher ab,lehne eher ab,stimme eher zu,stimme eher zu,stimme eher zu,weder/noch,stimme eher zu,stimme eher zu,weder/noch,weder/noch,stimme eher zu,weder/noch,stimme eher zu,lehne eher ab,lehne eher ab,weder/noch,stimme eher zu,weder/noch,lehne ab,bis zu 20 Minuten,bis zu 20 Kilometer,Ja,Nein,Nein,,etwa 20 Minuten,NA,NA,NA,NA,NA,NA,NA,NA,NA,eher kurz,weiß ich nicht mehr,NA,NA,NA,NA,NA,NA,NA,NA,NA,sehr schlecht,Nein,,lehne ab,lehne voll und ganz ab,lehne voll und ganz ab,lehne voll und ganz ab,lehne voll und ganz ab,lehne voll und ganz ab,lehne voll und ganz ab,lehne voll und ganz ab,weder/noch,lehne ab,stimme eher zu,weder/noch,weder/noch,lehne eher ab,lehne voll und ganz ab,lehne voll und ganz ab,lehne voll und ganz ab,lehne voll und ganz ab,,kleinstädtisch,zentral,weiblich,1997,500 - 1.000 EUR,NA,Nein danke,NA,NA,NA,NA,NA,NA,NA,NA,NA,NA,NA,NA,NA,NA,NA,NA,NA,NA,NA,NA,NA,NA,NA,NA,NA,NA,NA,NA,NA,NA,NA,NA,NA,NA,NA,NA,NA,NA,NA,NA,NA,NA,NA,NA,NA,NA,NA,NA,NA,NA,NA,NA,NA,NA,NA,NA,NA,NA,NA,NA,NA,NA,NA,NA,NA,NA,NA,NA,NA,NA,NA,NA,NA,NA,NA,NA,NA,NA,NA,NA,NA,NA,NA,NA
153,2019-08-07T14:06:22Z,25,de,760790672,2019-08-07T13:59:26Z,2019-08-07T14:06:22Z,2003:e1:b3c6:4140:d486:92ea:6471:6251,https://www.facebook.com/,Nein,Nein,Nein,Nein,Nein,Nein,Ja,Ja,,Ja,Nein,Nein,,3,NA,NA,NA,NA,NA,NA,NA,NA,NA,stimme eher zu,stimme eher zu,weder/noch,stimme eher zu,stimme eher zu,weder/noch,weder/noch,stimme eher zu,stimme eher zu,stimme eher zu,stimme eher zu,stimme eher zu,stimme eher zu,stimme eher zu,stimme eher zu,stimme eher zu,weder/noch,stimme eher zu,stimme eher zu,weder/noch,stimme eher zu,stimme eher zu,stimme eher zu,lehne eher ab,bis zu 20 Minuten,bis zu 20 Kilometer,Nein,Ja,Nein,,etwa 20 Minuten,NA,NA,NA,NA,NA,NA,NA,NA,NA,eher kurz,Ländlicher Raum,NA,NA,NA,NA,NA,NA,NA,NA,NA,eher schlecht,Nein,,lehne eher ab,stimme eher zu,lehne eher ab,lehne eher ab,lehne eher ab,stimme eher zu,lehne eher ab,stimme eher zu,stimme eher zu,lehne eher ab,lehne eher ab,lehne eher ab,stimme eher zu,stimme eher zu,lehne voll und ganz ab,lehne voll und ganz ab,lehne voll und ganz ab,lehne ab,,ländlich,abgelegen,weiblich,1988,2.001 - 3.000 EUR,NA,Ja gerne,NA,NA,NA,NA,NA,NA,NA,NA,NA,NA,NA,NA,NA,NA,NA,NA,NA,NA,NA,NA,NA,NA,NA,NA,NA,NA,NA,NA,NA,NA,NA,NA,NA,NA,NA,NA,NA,NA,NA,NA,NA,NA,NA,NA,NA,NA,NA,NA,NA,NA,NA,NA,NA,NA,NA,NA,NA,NA,NA,NA,NA,NA,NA,NA,NA,NA,NA,NA,NA,NA,NA,NA,NA,NA,NA,NA,NA,NA,NA,NA,NA,NA,NA,NA
